id,claim,on_screen,timecode,status,source_url,source_quote,note
C01,Scam callers pose as CBI officers (also ED officials and judicial authorities) on phone and video calls,no,L02,confirmed,https://api.sci.gov.in/supremecourt/2025/59769/59769_2025_2_7_65003_Order_17-Oct-2025.pdf,"The victims have alleged that they were contacted by persons impersonating CBI officers, ED officials and judicial authorities through telephone and video calls.","Primary: SC record of proceedings 17.10.2025, para 1. Also TNM 10 Mar 2026 (judge case): caller claimed to be a senior CBI officer (https://www.thenewsminute.com/telangana/hyderabad-retired-judge-loses-rs-166-crore-in-digital-arrest-scam-using-ex-cbi-officers-name). Hook line is a SIMULATION of this pattern."
C02,Typical opening: your Aadhaar is linked to a money-laundering case and there is an arrest warrant against you,no,L03,confirmed,https://the420.in/hyderabad-retired-judge-duped-digital-arrest-cyber-fraud/,Aadhaar details were linked to a money-laundering and human trafficking case,"Same report: 'a non-bailable arrest warrant had been issued against him'. Same pattern elsewhere: Deccan Herald 22 Dec 2024, a fake officer 'accused her of money laundering' (https://www.deccanherald.com/india/karnataka/bengaluru/under-digital-arrest-for-11-days-housewife-breaks-3-fds-to-pay-fraudsters-rs-30-lakh-3328890)."
C03,"Victims are told not to go anywhere, not to tell anyone and to stay on camera",no,L04,confirmed,https://newsmeter.in/crime/retired-judge-in-hyderabad-duped-of-rs-166-crore-by-fake-cbi-officials-in-digital-arrest-scam-764289,The scammers warned the former judge not to step out of his house,Newsmeter 9 Mar 2026 also: 'They also instructed him not to discuss the matter with family members or friends.' and 'kept him under virtual surveillance through video calls.' MHA alert 14 May 2024: victims 'remain visually available over Skype or other video conferencing platforms' (https://www.etvbharat.com/en/!bharat/ministry-of-home-affairs-issues-nationwide-alert-over-digital-arrest-enn24051405886).
C04,"Lifetime savings vanish 'in a few hours, a few days at most' (te: కొన్ని గంటల్లో, మహా అయితే కొన్ని రోజుల్లో)",no,L07,wrong,https://api.sci.gov.in/supremecourt/2025/59769/59769_2025_2_7_65003_Order_17-Oct-2025.pdf,defrauded of their life savings through a “digital arrest” scam perpetrated between 03.09.2025 and 16.09.2025,"Documented cases last far longer than 'a few days at most': Haryana couple 3-16 Sep 2025 (SC order); Hebbal engineer 'over an 18-day period' (TNM 23 Dec 2024, https://www.thenewsminute.com/karnataka/bengaluru-software-engineer-loses-rs-118-crore-in-digital-arrest-scam); Mumbai businessman Rs 58.13 crore 'over 40 days' (AIR 17 Oct 2025, https://www.newsonair.gov.in/digital-arrest-scam); Bengaluru engineer about Rs 32 crore, 'the ordeal lasted for over six months' (PTI/DT Next 17 Nov 2025, https://www.dtnext.in/news/national/bengaluru-woman-loses-rs-3183-cr-in-months-long-digital-arrest-scam-involving-fake-cbi-officers-853424). 'Hours' is sourced: Mangaluru, call at 10 am, Rs 17 lakh sent around 3 pm the same day (Deccan Herald 31 Oct 2025, https://www.deccanherald.com/india/karnataka/mangaluru/mangaluru-police-recover-rs-17-lakh-duped-in-digital-arrest-3781567). REPLACEMENT te: జీవితమంతా కష్టపడి దాచుకున్న డబ్బు, కొన్ని రోజుల్లో, కొన్నిసార్లు కొన్ని గంటల్లోనే, మాయం. en: Money saved over a whole lifetime, gone in a few days, sometimes in just a few hours."
C05,A retired district judge in Hyderabad lost Rs 1.66 crore to this scam (on-screen: ₹1.66 CRORE [THE NEWS MINUTE · NEWSMETER | MAR 2026]),yes,L08,confirmed,https://www.thenewsminute.com/telangana/hyderabad-retired-judge-loses-rs-166-crore-in-digital-arrest-scam-using-ex-cbi-officers-name,A 73-year-old retired district judge from the Neredmet area of Hyderabad fell prey to a “digital arrest” scam,"TNM 10 Mar 2026: 'duped of Rs 1.66 crore'. Newsmeter 9 Mar 2026 headline: 'Retired judge in Hyderabad duped of Rs 1.66 crore by fake CBI officials' (https://newsmeter.in/crime/retired-judge-in-hyderabad-duped-of-rs-166-crore-by-fake-cbi-officials-in-digital-arrest-scam-764289); also Namasthe Telangana, Sakshi Post, The420.in. PTI's first report (9 Mar 2026) said '69-year-old' and 'more than Rs one crore' (https://theprint.in/india/retd-district-judge-falls-prey-to-digital-arrest-scam-loses-more-than-rs-one-cr/2873769/); later reports say 73 and Rs 1.66 crore. The VO avoids the age (keep it that way). Tag outlets and month are correct."
C06,"1,23,672 digital-arrest complaints in 2024 (on-screen: 1,23,672 COMPLAINTS · 2024 [I4C STATUS REPORT | SUPREME COURT, AUG 2026])",yes,L13,confirmed,https://api.sci.gov.in/supremecourt/2025/59769/59769_2025_1_30_72575_Order_04-Aug-2026.pdf,"the number of complaints received on the National Cybercrime Reporting Portal pertaining to digital arrest scams have sharply declined from 1,23,672 in 2024 to 58,239 in 2025 and stood at 16,377 for the period ending 30.06.2026","Primary: SC record of proceedings 04.08.2026, para 3, citing the I4C Fourth Status Report dated 03.08.2026. The same 2024 figure is in the MoS Home written reply in Rajya Sabha, 12 Mar 2025 (https://www.outlookmoney.com/banking/digital-arrests-and-cyber-crimes-under-watch-over-781-lakh-sim-cards-blocked-by-feb)."
C07,That is more than 300 complaints a day (on-screen: 300+ / DAY),yes,L14,confirmed,https://api.sci.gov.in/supremecourt/2025/59769/59769_2025_1_30_72575_Order_04-Aug-2026.pdf,"from 1,23,672 in 2024","Arithmetic: 1,23,672 / 366 days (2024 was a leap year) = 338 a day."
C08,"Over Rs 1,900 crore was lost to digital-arrest scams in 2024 (VO: నైన్టీన్ హండ్రెడ్ క్రోర్స్ కి పైగా)",no,L15,confirmed,https://www.outlookmoney.com/banking/digital-arrests-and-cyber-crimes-under-watch-over-781-lakh-sim-cards-blocked-by-feb,from Rs 91.14 crore in 2022 to 339.03 crore in 2023 and Rs 1935.51 crore in 2024.,"MoS Home Bandi Sanjay Kumar, written reply, Rajya Sabha Unstarred Q 1505, 12 Mar 2025 (also Manorama Yearbook 13 Mar 2025, https://www.manoramayearbook.in/current-affairs/india/2025/03/13/digital-arrests-explained.html; Inc42 14 Mar 2025). ThePrint 18 Feb 2026 (I4C data) gives Rs 1,918 crore (https://theprint.in/india/governance/after-465-spike-in-2024-mha-data-shows-digital-arrest-scams-are-on-a-decline-in-india/2857002/). Both exceed Rs 1,900 crore, so the VO stands."
C09,"On-screen: ₹1,918 CRORE · 2024 [I4C DATA | THEPRINT, FEB 2026]",yes,L15,disputed,https://theprint.in/india/governance/after-465-spike-in-2024-mha-data-shows-digital-arrest-scams-are-on-a-decline-in-india/2857002/,"Cases surged by 103 percent to 1,23,672, while the reported amount lost jumped 465 percent to Rs 1,918 crore.","Other figure: Rs 1,935.51 crore, from the Government's own written reply in Rajya Sabha (MoS Home, Unstarred Q 1505, 12 Mar 2025; Outlook Money https://www.outlookmoney.com/banking/digital-arrests-and-cyber-crimes-under-watch-over-781-lakh-sim-cards-blocked-by-feb, Manorama Yearbook, Inc42). Put both in the YouTube description ('as reported'). RECOMMENDED: use the official figure on screen: ₹1,935 CRORE · 2024 [MHA REPLY, RAJYA SABHA | MAR 2025]. The VO 'over nineteen hundred crore' is true for both figures."
C10,These figures count only the people who filed a complaint,no,L16,confirmed,https://api.sci.gov.in/supremecourt/2025/59769/59769_2025_1_30_72575_Order_04-Aug-2026.pdf,the number of complaints received on the National Cybercrime Reporting Portal pertaining to digital arrest scams,"The I4C figures are complaints on the National Cybercrime Reporting Portal, so unreported cases are not counted."
C11,"In 2025 complaints fell by more than half, to about fifty-eight thousand (VO)",no,L17,confirmed,https://api.sci.gov.in/supremecourt/2025/59769/59769_2025_1_30_72575_Order_04-Aug-2026.pdf,"from 1,23,672 in 2024 to 58,239 in 2025","A 52.9% fall. Conflicting figure: ThePrint 18 Feb 2026 (I4C data) printed 'Cases dropped to 17,264' for 2025. That cannot be a full-year count: the Government told Rajya Sabha that 17,718 incidents were reported in Jan-Feb 2025 alone (Outlook Money 13 Mar 2025: 'As of February 28, 2025, there were 17,718 incidents reported', https://www.outlookmoney.com/banking/digital-arrests-and-cyber-crimes-under-watch-over-781-lakh-sim-cards-blocked-by-feb). The signed SC record is the primary source. Mention the 17,264 figure and why it is set aside in the description; optional VO attribution in fact-check.md."
C12,"On-screen: 58,249 · 2025 [I4C STATUS REPORT | SUPREME COURT, AUG 2026]",yes,L17,wrong,https://api.sci.gov.in/supremecourt/2025/59769/59769_2025_1_30_72575_Order_04-Aug-2026.pdf,"58,239 in 2025","The signed SC record of proceedings (04.08.2026, para 3), Verdictum 4 Aug 2026 (https://www.verdictum.in/amp/supreme-court/digital-arrest-scams-interim-directions-rbi-1619172) and SCC Online 10 Aug 2026 (https://www.scconline.com/blog/post/2026/08/10/sc-issues-interim-directions-on-digital-arrest-scams/) all read 58,239; ThePrint 4 Aug 2026 printed 58,249 (typo carried into the script). REPLACEMENT on-screen: 58,239 · 2025 [I4C STATUS REPORT | SUPREME COURT, AUG 2026]. VO unchanged: ఇక్కడ ఒక గుడ్ న్యూస్ కూడా ఉందండి. ట్వెంటీ ట్వెంటీ ఫైవ్ లో కంప్లైంట్స్ సగానికి పైగా తగ్గి, ఫిఫ్టీ ఎయిట్ థౌసండ్ కి వచ్చాయి. en (unchanged): There is some good news too. In 2025 complaints fell by more than half, to fifty-eight thousand."
C13,"Home Ministry officials credit awareness for the 2025 decline (on-screen: AWARENESS WORKS [MHA OFFICIAL | THEPRINT, FEB 2026])",yes,L18,claim,https://theprint.in/india/governance/after-465-spike-in-2024-mha-data-shows-digital-arrest-scams-are-on-a-decline-in-india/2857002/,"What helped was a series of awareness campaigns through SMS alerts, caller tunes, advertisements,","Said by an anonymous senior MHA official to ThePrint (18 Feb 2026); the sentence continues 'and mentions in Prime Minister's 'Mann Ki Baat'.' The VO attributes it ('according to Home Ministry officials'), so it is presented as their view. Tag correct."
C14,"16,377 complaints in the first six months of 2026 (on-screen: 16,377 · JAN–JUN 2026 [SUPREME COURT | AUG 2026])",yes,L20,confirmed,https://api.sci.gov.in/supremecourt/2025/59769/59769_2025_1_30_72575_Order_04-Aug-2026.pdf,"stood at 16,377 for the period ending 30.06.2026","The order lists calendar-year totals (2024, 2025) and then 2026 'for the period ending 30.06.2026', i.e. 2026 to date; 'first six months of 2026' fits."
C15,Retired judges have fallen into this trap (on-screen: JUDGE),yes,L22,confirmed,https://www.thenewsminute.com/telangana/hyderabad-retired-judge-loses-rs-166-crore-in-digital-arrest-scam-using-ex-cbi-officers-name,A 73-year-old retired district judge from the Neredmet area of Hyderabad fell prey to a “digital arrest” scam,"Also Namasthe Telangana, Newsmeter, PTI (Mar 2026). Supports L21 too (not only the uneducated fall for it)."
C16,Doctors have fallen into this trap (on-screen: DOCTOR),yes,L22,confirmed,https://thelogicalindian.com/hyderabad-retired-doctor-dies-of-heart-attack-after-70-hour-digital-arrest-scam-duped-of-%e2%82%b96-6-lakh/,76-year-old retired government lady doctor in Hyderabad,Also Siasat 17 Sep 2025 (https://www.siasat.com/hyderabad-retired-doctor-dies-after-rs-6-6l-cyber-fraud-digital-arrest-3272364/) and Medical Dialogues 29 Sep 2025 (https://medicaldialogues.in/news/health/doctors/two-arrested-after-cyber-crime-leads-to-doctors-death-in-hyderabad-156052).
C17,Software engineers have fallen into this trap (on-screen: ENGINEER),yes,L22,confirmed,https://www.thenewsminute.com/karnataka/bengaluru-software-engineer-loses-rs-118-crore-in-digital-arrest-scam,A 39-year-old software engineer from Bengaluru's Hebbal was defrauded of a staggering Rs 11.8 crore over an 18-day period,Also PTI/DT Next 17 Nov 2025: 'the software engineer of Indiranagar' lost about Rs 32 crore (https://www.dtnext.in/news/national/bengaluru-woman-loses-rs-3183-cr-in-months-long-digital-arrest-scam-involving-fake-cbi-officers-853424).
C18,Retired bank employees have fallen into this trap (on-screen: BANKER),yes,L22,confirmed,https://www.outlookmoney.com/banking/ex-bankers-rs-23-crore-loss-uncovers-the-menace-of-digital-arrest-scams,78-year-old retired banker,"Naresh Malhotra, Delhi, Rs 23 crore (Outlook Money 24 Sep 2025). Also ETV Bharat 12 Nov 2025: 'A retired bank employee from Kishangarh in Rajasthan's Ajmer' lost Rs 8.67 lakh (https://www.etvbharat.com/en/state/ajmer-retired-bank-employee-loses-rs-8-dot67-lakh-to-digital-arrest-scam-enn25111204618)."
C19,Chairmen of big companies have fallen into this trap (on-screen: CHAIRMAN),yes,L22,confirmed,https://www.business-standard.com/companies/news/digital-arrest-and-rs-7-crore-heist-how-vardhman-group-head-was-tricked-124100100832_1.html,"SP Oswal, the 82-year-old chairman and managing director of Vardhman Group, a leading textile manufacturer, was defrauded of Rs 7 crore",Business Standard 1 Oct 2024; also Bar & Bench (https://barandbench.com/news/fraudsters-pose-as-cji-fake-virtual-courtroom-dupe-industrialist) and TNM (https://thenewsminute.com/news/how-an-indian-ceo-lost-rs-7-crore-to-scammers-who-pretended-to-be-ed-cbi-and-cji).
C20,"Judge case: the first call came on 23 Feb 2026; he lives in Neredmet, Hyderabad (on-screen: 23 FEB 2026 · NEREDMET, HYDERABAD)",yes,L24,confirmed,https://www.thenewsminute.com/telangana/hyderabad-retired-judge-loses-rs-166-crore-in-digital-arrest-scam-using-ex-cbi-officers-name,"In his complaint submitted to the Cyber Crime Station (CCS) Malkajgiri, the victim stated that he received a call on February 23 from a man claiming to be a senior CBI officer named Deepak Kumar.","The420.in: 'the scam began on February 23 when the retired judge received a phone call', 'a resident of Neredmet' (https://the420.in/hyderabad-retired-judge-duped-digital-arrest-cyber-fraud/); Namasthe Telangana: 'ఫిబ్రవరి 23వ తేదీన ఓ ఫోన్‌ కాల్‌ వచ్చింది' (https://www.ntnews.com/hyderabad/retired-judge-digitally-arrested-2324892). Year 2026 from the report dates (9-10 Mar 2026). PTI gives his residence as Malkajgiri; Neredmet is in the Malkajgiri area. Line has no citation tag: add [TNM · NAMASTHE TELANGANA | MAR 2026]."
C21,"The first caller said he was Deepak Kumar, a senior CBI officer",no,L25,confirmed,https://www.thenewsminute.com/telangana/hyderabad-retired-judge-loses-rs-166-crore-in-digital-arrest-scam-using-ex-cbi-officers-name,he received a call on February 23 from a man claiming to be a senior CBI officer named Deepak Kumar,Namasthe Telangana 10 Mar 2026: 'సీనియర్‌ సీబీఐ ఆఫీసర్‌ దీపక్‌కుమార్‌' (https://www.ntnews.com/hyderabad/retired-judge-digitally-arrested-2324892); ETV Bharat Telugu 13 Mar 2026 also names Deepak Kumar (https://www.etvbharat.com/te/state/cyber-frauds-in-the-name-of-digital-arrest-how-to-be-safe-from-cyber-crimes-telangana-news-tgs26031301055).
C22,"He claimed another SIM was taken on the judge's Aadhaar, obscene calls went to women from those numbers, and an FIR was filed at Indiranagar police station, Bengaluru",no,L26,confirmed,https://www.thenewsminute.com/telangana/hyderabad-retired-judge-loses-rs-166-crore-in-digital-arrest-scam-using-ex-cbi-officers-name,The caller alleged that the retired judge was using two mobile numbers to make inappropriate calls to women and claimed that an FIR had been registered against him at Indra Nagar Police Station in Bengaluru.,Sakshi Post 9 Mar 2026: 'two mobile numbers linked to his Aadhaar card were being misused to harass women' and 'a case had been registered against him in Bengaluru's Indiranagar' (https://www.sakshipost.com/news/telangana/hyderabad-retired-judge-duped-rs-166-crore-digital-arrest-scam-477924). Newsmeter says the same.
C23,A second caller posing as a circle inspector said the judge was in a human-trafficking case and the Supreme Court had issued a non-bailable warrant,no,L27,confirmed,https://www.thenewsminute.com/telangana/hyderabad-retired-judge-loses-rs-166-crore-in-digital-arrest-scam-using-ex-cbi-officers-name,The accused and the victim were then joined by another person on the call who claimed to be Circle Inspector Gourav Saradhi.,TNM: 'non-bailable warrant has been issued in his name by the Supreme Court.' Namasthe Telangana: 'సర్కిల్‌ ఇన్‌స్పెక్టర్‌ గౌరవ్‌ సారథినంటూ' with the human-trafficking case and SC warrant (https://www.ntnews.com/hyderabad/retired-judge-digitally-arrested-2324892); Newsmeter and Sakshi: 'the Supreme Court had issued a non-bailable warrant'.
C24,The Supreme Court does not send warrants over the phone,no,L28,confirmed,https://www.mha.gov.in/sites/default/files/250884_2_english_01042024.pdf,"Every warrant of arrest issued by a Court under this Sanhita shall be in writing, signed by the presiding officer of such Court and shall bear the seal of the Court.","BNSS 2023 s.72(1) (Gazette text). s.74(1): 'A warrant of arrest shall ordinarily be directed to one or more police officers'. s.227 proviso lets a Magistrate issue summons or warrants 'through electronic means', but a warrant still goes to police for execution, not to the accused by phone. The SC's own order of 17.10.2025 calls the WhatsApp/video 'orders' forgeries (https://api.sci.gov.in/supremecourt/2025/59769/59769_2025_2_7_65003_Order_17-Oct-2025.pdf)."
C25,"On a video call, a woman claimed to be a senior CBI officer, using the name of a real retired IPS officer (on-screen: REAL NAME MISUSED)",yes,L29,confirmed,https://www.thenewsminute.com/telangana/hyderabad-retired-judge-loses-rs-166-crore-in-digital-arrest-scam-using-ex-cbi-officers-name,"The victim received one final call from a woman named Archana Ramasundaram, who also claimed to be a senior CBI officer.","TNM: 'Ironically, retired IPS officer Archana Ramasundaram was with the CBI and scamsters are known to imitate real people'. The Better India 2 Feb 2016: 'a Tamil Nadu cadre IPS officer', DG of SSB 'till the date of her superannuation on September 30, 2017' (https://www.thebetterindia.com/44776/archana-ramasundram-paramilitary-force-head/). Namasthe Telangana also names her. The VO rightly does not name her; never show her photo."
C26,"She showed a 'Supreme Court letter' alleging money laundering, human trafficking and identity theft",no,L30,confirmed,https://www.thenewsminute.com/telangana/hyderabad-retired-judge-loses-rs-166-crore-in-digital-arrest-scam-using-ex-cbi-officers-name,"In a video call, the judge was shown a purported Supreme Court letter","TNM lists the three charges (money laundering, human trafficking, identity theft); Namasthe Telangana: a letter with the Supreme Court emblem and the same three charges (https://www.ntnews.com/hyderabad/retired-judge-digitally-arrested-2324892); The420.in: a document 'bearing the emblem of the Supreme Court'."
C27,"He was told not to tell anyone about it, not even his family",no,L31,confirmed,https://www.thenewsminute.com/telangana/hyderabad-retired-judge-loses-rs-166-crore-in-digital-arrest-scam-using-ex-cbi-officers-name,"warned me not to disclose the matter to anyone, including my family",From the complaint as quoted by TNM. Newsmeter: 'They also instructed him not to discuss the matter with family members or friends.' Namasthe Telangana: 'ఈ విషయాన్ని కుటుంబసభ్యులెవరికీ చెప్పొద్దని అన్నాడు' (https://www.ntnews.com/hyderabad/retired-judge-digitally-arrested-2324892).
C28,He was told not to leave the house and was monitored over video calls,yes,L32,confirmed,https://newsmeter.in/crime/retired-judge-in-hyderabad-duped-of-rs-166-crore-by-fake-cbi-officials-in-digital-arrest-scam-764289,The scammers warned the former judge not to step out of his house,"Newsmeter: 'kept him under virtual surveillance through video calls.' Sakshi Post: 'not to leave his house or discuss the matter with anyone', 'kept him under virtual surveillance' (https://www.sakshipost.com/news/telangana/hyderabad-retired-judge-duped-rs-166-crore-digital-arrest-scam-477924). NTV Telugu: 'కేసు ముగిసే వరకు ఇంటి నుంచి బయటకు రావద్దని హెచ్చరిస్తూ' (https://ntvtelugu.com/news/hyderabad-retired-judge-loses-rs-1-66-crore-in-digital-arrest-cyber-fraud-944606.html)."
C29,They threatened that an arrest would destroy his reputation,no,L33,confirmed,https://newsmeter.in/crime/retired-judge-in-hyderabad-duped-of-rs-166-crore-by-fake-cbi-officials-in-digital-arrest-scam-764289,They threatened that an arrest would severely damage his reputation and career legacy.,"Sakshi Post: threatened to 'tarnish his reputation' (https://www.sakshipost.com/news/telangana/hyderabad-retired-judge-duped-rs-166-crore-digital-arrest-scam-477924); ETV Bharat Telugu 21 Mar 2026: 'పరువు, ప్రతిష్ఠకు భంగం కలుగుతుందని భయపడి' (https://www.etvbharat.com/te/state/fearing-the-loss-of-their-reputation-elders-are-handing-over-whatever-cybercriminals-demand-telangana-news-tgs26032005804)."
C30,...and his 'career of so many years' (te: ఇన్నేళ్ళ కెరీర్),no,L33,unverified,https://newsmeter.in/crime/retired-judge-in-hyderabad-duped-of-rs-166-crore-by-fake-cbi-officials-in-digital-arrest-scam-764289,They threatened that an arrest would severely damage his reputation and career legacy.,"Only Newsmeter mentions his career; TNM, PTI, Sakshi Post, NTV Telugu, Namasthe Telangana and ETV Bharat mention reputation only. REPLACEMENT te: అరెస్ట్ అయితే మీ పరువు, ప్రతిష్ఠ, అంతా పోతుంది అని భయపెడతారు. en: They threaten that if he's arrested, his reputation and good name will all be gone."
C31,"The 'financial verification' pretext, with a promise to refund everything after verification",no,L34,confirmed,https://the420.in/hyderabad-retired-judge-duped-digital-arrest-cyber-fraud/,The fraudsters claimed they were conducting a “financial assessment” as part of the investigation and demanded that the victim transfer money for verification purposes.,"Newsmeter: 'They assured him that the money transferred for 'verification purposes' would be refunded'. NTV Telugu: 'మీరు చెల్లించే మొత్తం విచారణ పూర్తయ్యాక తిరిగి ఇస్తామని నమ్మబలికారు.' (https://ntvtelugu.com/news/hyderabad-retired-judge-loses-rs-1-66-crore-in-digital-arrest-cyber-fraud-944606.html). Sources call it 'financial assessment'; 'verification' is their stated purpose, so the VO label is fair."
C32,He sent Rs 1.66 crore between 25 Feb and 2 Mar 2026,yes,L35,confirmed,https://the420.in/hyderabad-retired-judge-duped-digital-arrest-cyber-fraud/,"Believing the claims to be genuine, the retired judge transferred ₹1.66 crore in four separate transactions between February 25 and March 2 to bank accounts provided by the accused.",ETV Bharat Telugu 21 Mar 2026: 'ఫిబ్రవరి 25 నుంచి మార్చి 2 మధ్య వారికి రూ.1.66 కోట్లు బదిలీ చేశారు.' (https://www.etvbharat.com/te/state/fearing-the-loss-of-their-reputation-elders-are-handing-over-whatever-cybercriminals-demand-telangana-news-tgs26032005804); ETV Bharat Telugu 13 Mar 2026 gives the same dates. TNM does not give the dates (see next row for the tag).
C33,...in four transfers (te: ఫోర్ ట్రాన్స్ఫర్స్ లో; on-screen: 4 TRANSFERS · 25 FEB–2 MAR · ₹1.66 CR [THE420.IN · TNM | MAR 2026]),yes,L35,unverified,https://the420.in/hyderabad-retired-judge-duped-digital-arrest-cyber-fraud/,the retired judge transferred ₹1.66 crore in four separate transactions,"The count of four appears only in The420.in; TNM, Namasthe Telangana, ETV Bharat, Newsmeter, Sakshi and PTI give no count (PTI/Telangana Today: 'in instalments'). TNM does not report the dates either, so the tag is wrong. REPLACEMENT te: ఫిబ్రవరి ట్వెంటీ ఫిఫ్త్ నుంచి మార్చ్ సెకండ్ వరకు, కొన్ని ట్రాన్స్ఫర్స్ లో, వన్ క్రోర్ సిక్స్టీ సిక్స్ లాక్స్ పంపేశారు. en: From February twenty-fifth to March second, in several transfers, he sent one crore sixty-six lakh. REPLACEMENT on-screen: TRANSFERS · 25 FEB–2 MAR · ₹1.66 CR [THE420.IN · ETV BHARAT | MAR 2026]."
C34,The refund never came; that is when he realised it was a scam,no,L36,confirmed,https://newsmeter.in/crime/retired-judge-in-hyderabad-duped-of-rs-166-crore-by-fake-cbi-officials-in-digital-arrest-scam-764289,"When the promised refund did not materialise, he realised he had been cheated and approached the police.",NTV Telugu: 'నగదు తిరిగి ఇవ్వకపోవడంతో మోసం జరిగినట్టు గ్రహించిన రిటైర్డ్ జడ్జి పోలీసులను ఆశ్రయించారు.' (https://ntvtelugu.com/news/hyderabad-retired-judge-loses-rs-1-66-crore-in-digital-arrest-cyber-fraud-944606.html).
C35,'They went silent' (te: వాళ్ళు కాంటాక్ట్ లో లేరు),no,L36,unverified,https://newsmeter.in/crime/retired-judge-in-hyderabad-duped-of-rs-166-crore-by-fake-cbi-officials-in-digital-arrest-scam-764289,"When the promised refund did not materialise, he realised he had been cheated and approached the police.","No report says the fraudsters stopped contact or went silent (checked TNM, Newsmeter, The420.in, PTI, Sakshi Post, Telangana Today, NTV Telugu, Namasthe Telangana, TeluguPost, ETV Bharat, Deccan Chronicle). REPLACEMENT te: రిఫండ్ రాలేదు. అప్పుడు అర్థమైంది, ఇది స్కామ్ అని. en: The refund never came. That's when it sank in: it was a scam."
C36,He complained to the Malkajgiri cyber crime police,no,L37,confirmed,https://www.thenewsminute.com/telangana/hyderabad-retired-judge-loses-rs-166-crore-in-digital-arrest-scam-using-ex-cbi-officers-name,"In his complaint submitted to the Cyber Crime Station (CCS) Malkajgiri, the victim stated","Namasthe Telangana: 'మల్కాజిగిరి సైబర్‌క్రైమ్‌ పోలీసులు కేసు నమోదు చేసి దర్యాప్తు చేపట్టారు' (https://www.ntnews.com/hyderabad/retired-judge-digitally-arrested-2324892); The420.in: 'registered with the Malkajgiri cybercrime police'; ETV Bharat Telugu 13 and 21 Mar 2026. Telangana Today, Newsmeter and Sakshi say 'Neredmet police'; Neredmet is the headquarters of the Malkajgiri Police Commissionerate (https://en.wikipedia.org/wiki/Malkajgiri_Police_Commissionerate), so this is not a conflict."
C37,On-screen tag: CCS MALKAJGIRI [PTI | 9 MAR 2026],yes,L37,wrong,https://theprint.in/india/retd-district-judge-falls-prey-to-digital-arrest-scam-loses-more-than-rs-one-cr/2873769/,more than Rs one crore,"PTI's 9 Mar 2026 report names no police unit (it says only 'police said') and has different details (age 69, 'more than Rs one crore'), so it cannot be the source for CCS Malkajgiri. REPLACEMENT on-screen: CCS MALKAJGIRI [THE NEWS MINUTE · NAMASTHE TELANGANA | MAR 2026]. VO unchanged: ఆయన మల్కాజ్గిరి సైబర్ క్రైమ్ పోలీసులకు కంప్లైంట్ ఇచ్చారు. en (unchanged): He complained to the Malkajgiri cyber crime police."
C38,"Stage one: the call claims to be from a courier company, the telecom department or the police",yes,L41,confirmed,https://www.deccanherald.com/india/karnataka/bengaluru/under-digital-arrest-for-11-days-housewife-breaks-3-fds-to-pay-fraudsters-rs-30-lakh-3328890,she received an IVR call “from the Telecom Regulatory Authority of India (TRAI)”,"Same report: her call was 'transferred to the Pant Nagar police station in Mumbai' (fake police). Courier: PTI/DT Next 17 Nov 2025, 'a call from a person claiming to be from DHL Andheri' (https://www.dtnext.in/news/national/bengaluru-woman-loses-rs-3183-cr-in-months-long-digital-arrest-scam-involving-fake-cbi-officers-853424). MHA alert 14 May 2024 lists police, CBI, NCB and RBI impersonation (https://www.sentinelassam.com/more-news/national-news/mha-alerts-against-blackmail-digital-arrest-by-cyber-criminals-posing-government-agency-officers). 'Telecom department' covers the TRAI/DoT pretexts."
C39,"Stories used: drugs in a parcel in your name, a crime committed with your SIM, laundered money in your account",no,L42,confirmed,https://www.sentinelassam.com/more-news/national-news/mha-alerts-against-blackmail-digital-arrest-by-cyber-criminals-posing-government-agency-officers,"parcel, which contains illegal goods, drugs, fake passports or any other contraband item","MHA alert, Sentinel Assam 15 May 2024. Deccan Herald 22 Dec 2024: 'a SIM card purchased in Mumbai in her name was used to send harassment messages' and a fake officer 'accused her of money laundering' (https://www.deccanherald.com/india/karnataka/bengaluru/under-digital-arrest-for-11-days-housewife-breaks-3-fds-to-pay-fraudsters-rs-30-lakh-3328890); PTI 17 Nov 2025: parcel 'contained credit cards, passports and MDMA'."
C40,They move the victim to a video call on WhatsApp or Skype,no,L43,confirmed,https://api.sci.gov.in/supremecourt/2025/59769/59769_2025_2_7_65003_Order_17-Oct-2025.pdf,The fraudsters displayed forged orders of the Supreme Court through WhatsApp and video conferencing.,MHA alert 14 May 2024: victims 'remain visually available over Skype or other video conferencing platforms' (https://www.etvbharat.com/en/!bharat/ministry-of-home-affairs-issues-nationwide-alert-over-digital-arrest-enn24051405886); the I4C Oct 2024 advisory showed the WhatsApp and Skype logos (https://www.etvbharat.com/en/!bharat/cbi-ed-police-dont-arrest-people-through-video-calls-indian-cyber-crime-coordination-centre-enn24100602996); the Oswal hearing was on Skype.
C41,MHA said the gangs use studios modelled on police stations and government offices and wear uniforms (on-screen: [MHA / I4C ALERT | MAY 2024]),yes,L45,confirmed,https://gulfnews.com/world/asia/india/india-warns-of-rising-digital-arrest-scams-by-cybercriminals-impersonating-govt-official-1.1715689619527,studios modelled on police stations and government offices and wear uniforms,ETV Bharat 14 May 2024: 'The fraudsters are known to use studios modelled on Police Stations and Government offices' (https://www.etvbharat.com/en/!bharat/ministry-of-home-affairs-issues-nationwide-alert-over-digital-arrest-enn24051405886); Sentinel Assam 15 May 2024 (https://www.sentinelassam.com/more-news/national-news/mha-alerts-against-blackmail-digital-arrest-by-cyber-criminals-posing-government-agency-officers). The alert was issued on Tuesday 14 May 2024. Tag correct.
C42,Some victims are even shown a fake court hearing,no,L46,confirmed,https://barandbench.com/news/fraudsters-pose-as-cji-fake-virtual-courtroom-dupe-industrialist,staged a fake virtual courtroom,"Bar & Bench 1 Oct 2024 (Oswal case). Mangaluru, Oct 2025: a WhatsApp video call 'impersonating police officers and a judge' (Deccan Herald 31 Oct 2025, https://www.deccanherald.com/india/karnataka/mangaluru/mangaluru-police-recover-rs-17-lakh-duped-in-digital-arrest-3781567)."
C43,"S P Oswal, chairman of the Ludhiana-based Vardhman Group, was put through a fake Supreme Court hearing on Skype",no,L47,confirmed,https://www.livelaw.in/amp/top-stories/scammers-fake-supreme-court-hearing-impersonate-cji-dupe-industrialist-of-7-crore-271253,They made a Skype call regarding the court hearing,"Business Standard 1 Oct 2024: 'chairman and managing director of Vardhman Group' (https://www.business-standard.com/companies/news/digital-arrest-and-rs-7-crore-heist-how-vardhman-group-head-was-tricked-124100100832_1.html); Vardhman is a 'textile group based in Ludhiana, Punjab' (https://en.wikipedia.org/wiki/Vardhman_Textiles); he complained to the Ludhiana police (Sentinel Assam, TNM)."
C44,The fake judge used the name of the then Chief Justice,no,L47,confirmed,https://www.livelaw.in/amp/top-stories/scammers-fake-supreme-court-hearing-impersonate-cji-dupe-industrialist-of-7-crore-271253,a person impersonating Chief Justice of India DY Chandrachud,TNM 2 Oct 2024: the fake judge was introduced as 'CJI Chandrachud' (https://thenewsminute.com/news/how-an-indian-ceo-lost-rs-7-crore-to-scammers-who-pretended-to-be-ed-cbi-and-cji); Bar & Bench 1 Oct 2024. The VO does not name him and the visual uses no CJI photo (keep it that way).
C45,On-screen: ₹7 CRORE · SEPT 2024 [BAR & BENCH | BUSINESS STANDARD],yes,L47,wrong,https://www.business-standard.com/companies/news/digital-arrest-and-rs-7-crore-heist-how-vardhman-group-head-was-tricked-124100100832_1.html,The scam unfolded on August 28 and 29,The fraud took place 28-30 Aug 2024 (Business Standard; TNM: 28-30 Aug; Moneylife: 29-30 Aug) and the complaint was filed on 31 Aug 2024. The cited Bar & Bench and Business Standard pieces are dated 1 Oct 2024. REPLACEMENT on-screen: ₹7 CRORE · AUG 2024 [BAR & BENCH · BUSINESS STANDARD | OCT 2024]. VO unchanged.
C46,Oswal said he could not see the judge's face but heard a hammer (gavel) being banged,no,L48,confirmed,https://thenewsminute.com/news/how-an-indian-ceo-lost-rs-7-crore-to-scammers-who-pretended-to-be-ed-cbi-and-cji,"Though I could not see his face, I could hear him talking and banging a hammer on the table.",LiveLaw 1 Oct 2024 carries the same quote (https://www.livelaw.in/amp/top-stories/scammers-fake-supreme-court-hearing-impersonate-cji-dupe-industrialist-of-7-crore-271253). The VO's సుత్తి (hammer) matches; 'gavel' in the English column is fine.
C47,A stamped order then arrived on WhatsApp,no,L48,confirmed,https://www.business-standard.com/companies/news/digital-arrest-and-rs-7-crore-heist-how-vardhman-group-head-was-tricked-124100100832_1.html,"During a video call, the industrialist was shown a fake court order, which he later received via WhatsApp","Sentinel Assam 30 Sep 2024: 'They later WhatsApped Oswal, with the forged order of the court.' (https://www.sentinelassam.com/cities/guwahati-city/guwahati-duo-arrested-in-rs-7-crore-scam-targeting-industrialist-sp-oswal); TNM: 'The written SC order was so perfect and stamped that I believed it to be genuine'."
C48,He transferred Rs 7 crore,yes,L48,confirmed,https://barandbench.com/news/fraudsters-pose-as-cji-fake-virtual-courtroom-dupe-industrialist,sent a fake Supreme Court order directing him to send ₹7 crore to a Secret Supervision Account,Business Standard: 'was defrauded of Rs 7 crore'. Police later recovered Rs 5.25 crore (Business Standard: 'leading to the recovery of Rs 5.25 crore'); the VO does not say otherwise.
C49,"A Haryana elderly couple were shown forged Supreme Court orders and lost about Rs 1.05 crore; their case started the SC suo motu case (on-screen: ₹1.05 CR · SUO MOTU, OCT 2025 [SUPREME COURT OF INDIA])",yes,L49,confirmed,https://api.sci.gov.in/supremecourt/2025/59769/59769_2025_2_7_65003_Order_17-Oct-2025.pdf,The instant suo motu writ petition has arisen out of a complaint dated 21.09.2025 received by this Court from a senior citizen couple,"Same order: 'the victims were coerced to transfer Rs.1,05,50,000 through multiple bank transactions'; FIRs at the Cyber Crime Branch, Ambala. PTI (DT Next 25 Oct 2025): 'a senior citizen couple in Haryana's Ambala' (https://www.dtnext.in/news/national/sc-to-hear-suo-motu-matter-relating-to-victims-of-digital-arrest-on-oct-27-850754), so the Ambala visual is right. The exact sum is Rs 1,05,50,000, slightly more than 'one crore five lakh' (fixed in the next row's replacement). The Week and ETV Bharat misprinted Rs 1.5 crore."
C50,The orders bore one judge's forged signature (te: ఒక జడ్జి సంతకం),no,L49,wrong,https://api.sci.gov.in/supremecourt/2025/59769/59769_2025_2_7_65003_Order_17-Oct-2025.pdf,The fabrication of judicial orders bearing forged signatures of Judges strikes at the very foundation of public trust in the judicial system,"The order also lists a 'Surveillance Order' 'with forged judicial signatures': plural, not one judge. REPLACEMENT te: హర్యానా లో ఒక వృద్ధ దంపతులకి, సుప్రీం కోర్ట్ పేరుతో, జడ్జి ల సంతకాలు ఫోర్జ్ చేసిన ఆర్డర్స్ చూపించి, వన్ క్రోర్ ఫైవ్ లాక్స్ కి పైగా కొట్టేశారు. ఆ కేస్ తోనే సుప్రీం కోర్ట్ ఈ స్కామ్ ని సుమోటో గా తీసుకుంది. en: In Haryana, an elderly couple was shown orders in the Supreme Court's name with judges' forged signatures, and robbed of over one crore five lakh. That case is what made the Supreme Court take up this scam on its own."
C51,Oswal was told to keep Skype on even while he slept (on-screen REC timer 47:12:09),yes,L51,confirmed,https://www.moneylife.in/article/vardhman-group-chief-sp-oswal-duped-of-rs7-crore-by-cybercriminals-2-arrested-report/75259.html,they instructed me to keep the Skype in my phone on even during sleep,"Moneylife 30 Sep 2024; TNM 2 Oct 2024 carries the same quote (https://thenewsminute.com/news/how-an-indian-ceo-lost-rs-7-crore-to-scammers-who-pretended-to-be-ed-cbi-and-cji). The stylised 47-hour REC timer is consistent with Business Standard: the scam 'left Oswal under ""digital arrest"" for two days'."
C52,One call to a family member or friend quickly exposes the scam (why they forbid telling family),no,L52,confirmed,https://www.deccanherald.com/india/karnataka/mangaluru/mangaluru-police-recover-rs-17-lakh-duped-in-digital-arrest-3781567,"Later that evening, around 6 pm, she confided in a neighbour, who immediately took her to the CEN police station at 7 pm","Police froze the full Rs 17 lakh that evening (Deccan Herald 31 Oct 2025). Oswal also realised it was a scam after confiding in a senior colleague (Business Standard 1 Oct 2024). 'Within minutes' is the narrator's emphasis, not a measured figure (optional softening in fact-check.md)."
C53,In Hyderabad a 76-year-old retired doctor was kept in digital arrest for about 70 hours and later died of a heart attack (on-screen: 70 HOURS [MEDICAL DIALOGUES | SEPT 2025]),yes,L54,confirmed,https://medicaldialogues.in/news/health/doctors/two-arrested-after-cyber-crime-leads-to-doctors-death-in-hyderabad-156052,suffered a heart attack after being kept under 'digital arrest' for nearly 70 hours,"Medical Dialogues 29 Sep 2025. Siasat 17 Sep 2025: '70-hour digital arrest by fraudsters', death 'on September 8 by cardiac arrest', police case 'including charges of culpable homicide not amounting to murder' after the family's complaint (https://www.siasat.com/hyderabad-retired-doctor-dies-after-rs-6-6l-cyber-fraud-digital-arrest-3272364/). The Logical Indian 18 Sep 2025: 'a fatal heart attack on September 8' (https://thelogicalindian.com/hyderabad-retired-doctor-dies-of-heart-attack-after-70-hour-digital-arrest-scam-duped-of-%e2%82%b96-6-lakh/). Reports say heart attack or cardiac arrest; the link to the scam rests on the family's complaint and the police charge. Not a suicide, so Press Council suicide norms do not apply."
C54,They demand the money be sent to a 'safe account' for verification and call it an 'RBI account' (on-screen: SIMULATION · FAKE ACCOUNT),yes,L56,confirmed,https://www.deccanherald.com/india/karnataka/mangaluru/mangaluru-police-recover-rs-17-lakh-duped-in-digital-arrest-3781567,The caller threatened that she would be arrested unless she deposited her money into a Reserve Bank of India (RBI) account for “verification.”,"Deccan Herald 31 Oct 2025, from Mangaluru DCP Mithun H N. TNM 23 Dec 2024: 'the fraudsters presented a fake Reserve Bank of India guideline document and demanded that the victim transfer money for verification purposes.' (https://www.thenewsminute.com/karnataka/bengaluru-software-engineer-loses-rs-118-crore-in-digital-arrest-scam)."
C55,They also call it a 'secret supervision account',yes,L56,confirmed,https://www.livelaw.in/amp/top-stories/scammers-fake-supreme-court-hearing-impersonate-cji-dupe-industrialist-of-7-crore-271253,directed to release all my funds to into a secret supervision account.,Oswal's statement (LiveLaw 1 Oct 2024). Bar & Bench: 'a fake Supreme Court order directing him to send ₹7 crore to a Secret Supervision Account.' (https://barandbench.com/news/fraudsters-pose-as-cji-fake-virtual-courtroom-dupe-industrialist).
C56,"(implied) The RBI does not keep accounts for individuals, so an 'RBI account' is fake",no,L56,confirmed,https://www.rbi.org.in/Scripts/BS_PressReleaseDisplay.aspx?prid=44392,RBI does not hold any accounts for individuals.,RBI press release 4 Jul 2018; the same sentence is in RBI's release of 6 Feb 2012 (https://www.rbi.org.in/Scripts/BS_PressReleaseDisplay.aspx?prid=25911).
C57,They promise everything comes back after verification,no,L57,confirmed,https://www.dtnext.in/news/national/bengaluru-woman-loses-rs-3183-cr-in-months-long-digital-arrest-scam-involving-fake-cbi-officers-853424,"I was told that money will be returned by February 25 after completion of all procedures,","Bengaluru engineer (PTI/DT Next 17 Nov 2025). Judge case: Newsmeter, 'would be refunded'."
C58,Some victims are made to break their fixed deposits to pay,yes,L57,confirmed,https://www.deccanherald.com/india/karnataka/bengaluru/under-digital-arrest-for-11-days-housewife-breaks-3-fds-to-pay-fraudsters-rs-30-lakh-3328890,"On December 4, 5 and 7, Lavina broke FDs worth Rs 10 lakh, Rs 9 lakh and Rs 8.5 lakh, respectively, and transferred them to the fraudsters based on their insistence.",ETV Bharat 12 Nov 2025: 'forced to liquidate 18 FDs for the payment.' (https://www.etvbharat.com/en/state/ajmer-retired-bank-employee-loses-rs-8-dot67-lakh-to-digital-arrest-scam-enn25111204618); Deccan Herald 31 Oct 2025 (Mangaluru): told to 'liquidate her fixed deposits and savings'.
C59,"The money moves through layer after layer of mule accounts in other people's names, and out (on-screen: MULE ACCOUNTS)",yes,L58,confirmed,https://www.newsonair.gov.in/digital-arrest-scam,"the masterminds behind the scam used over 6,500 fake bank accounts, spread across 13 layers, to launder the stolen money.",AIR/newsonair 17 Oct 2025 (Maharashtra Cyber). SC order 04.08.2026: CBI identified '67 first-layer bank accounts' (https://api.sci.gov.in/supremecourt/2025/59769/59769_2025_1_30_72575_Order_04-Aug-2026.pdf); RBI via FPJ 7 Aug 2026: 'A money mule is a person who receives or transfers illegally obtained money for someone else.' (https://www.freepressjournal.in/business/easy-money-offer-could-be-a-trap-rbi-warns-against-becoming-a-money-mule); MHA official (ThePrint): 'The second vertical moves the money into mule accounts.'
C60,"Officials say many (te: చాలావరకు, i.e. most) of these calls come from scam centres in countries like Cambodia, Myanmar and Thailand (on-screen: [MHA OFFICIALS | THEPRINT, FEB 2026])",yes,L59,claim,https://theprint.in/india/governance/after-465-spike-in-2024-mha-data-shows-digital-arrest-scams-are-on-a-decline-in-india/2857002/,"Many of these scam calls were traced to networks operating out of Thailand, Cambodia, and Myanmar.","Senior MHA official to ThePrint (18 Feb 2026). ThePrint also: 'According to another source, most digital arrest calls originate from ""scam farms"" operating out of Thailand and Cambodia.' I4C CEO (Outlook 23 May 2024): '45 per cent of cyber financial frauds taking place in the country are originating from the South East Asia' (names Cambodia, Myanmar and Laos) (https://www.outlookindia.com/amp/story/national/spurt-in-cybercrimes-in-india-carried-out-by-organised-gangs-based-in-south-east-asia-govt). RECOMMENDED: te చాలావరకు (mostly) -> చాలా (many), to match the official's words and the en column."
C61,"Once the money is gone, getting it back is very hard",no,L60,confirmed,https://theprint.in/india/governance/after-465-spike-in-2024-mha-data-shows-digital-arrest-scams-are-on-a-decline-in-india/2857002/,"In 2021, only 6 percent of the defrauded money was blocked.","ThePrint: 'By 2026, that figure had risen to 19 percent'. SC order 04.08.2026: 'restoration completed in 36,290 cases for an aggregate amount of Rs. 18.05 crores'; SC order 01.12.2025: the crimes are 'often beyond the territorial jurisdiction of India' (https://api.sci.gov.in/supremecourt/2025/59769/59769_2025_1_28_66412_Order_01-Dec-2025.pdf). Exception worth knowing: police recovered Rs 5.25 crore of Oswal's Rs 7 crore."
C62,'Digital arrest' does not exist in Indian law (on-screen: DIGITAL ARREST — NOT IN LAW [BNSS 2023 | MHA / I4C]),yes,L62,confirmed,https://www.verdictum.in/court-updates/high-courts/rajasthan-high-court/in-re-in-matter-of-tackling-the-issue-of-digital-arrest-scams-cyber-crimes-1565812,"In fact, the recently enacted new criminal law does not provide for any legal provisions of conducting digital arrest.","Rajasthan High Court (Justice Anoop Kumar Dhand), Verdictum 24 Jan 2025. BNSS 2023 Gazette text has no such provision; an arrest needs physical touch or confinement (s.43) (https://www.mha.gov.in/sites/default/files/250884_2_english_01042024.pdf). Mangaluru DCP (Deccan Herald 31 Oct 2025): 'There is no such legal process as a ‘digital arrest’ in India.' Tag: no MHA/I4C source found saying 'not in law' (I4C said agencies don't arrest on video calls). RECOMMENDED tag: [BNSS 2023 | RAJASTHAN HIGH COURT, JAN 2025]."
C63,PM Modi said in Mann Ki Baat (27 Oct 2024) there is no system like digital arrest in the law; it is fraud (on-screen: [MANN KI BAAT | 27 OCT 2024]),yes,L64,confirmed,https://www.sentinelassam.com/amp/story/topheadlines/pm-narendra-modi-warns-of-digital-arrest-highlights-indian-culture-globally,"There is no system like digital arrest in the law, this is just fraud, deceit, lie,",Odisha Bytes 27 Oct 2024: 'there is no system like digital arrest in the law' (https://odishabytes.com/pm-modi-flags-digital-arrest-in-mann-ki-baat-spells-mantra-to-combat-cybercrimes/amp/); 115th episode. The Telugu line is a faithful condensed translation (paraphrase) of the English rendering.
C64,"I4C advisory (Oct 2024): CBI, police, customs, ED and judges do not arrest anyone on a video call (on-screen: NO ARREST ON VIDEO CALL [I4C ADVISORY | OCT 2024])",yes,L65,confirmed,https://www.etvbharat.com/en/!bharat/cbi-ed-police-dont-arrest-people-through-video-calls-indian-cyber-crime-coordination-centre-enn24100602996,"Don't Panic, Stay Alert. CBI/Police/Custom/ED/Judges DO NOT arrest you on video call.","Issued Saturday 5 Oct 2024, PTI report 6 Oct 2024 (also Tribune, Deccan Herald). Tag correct."
C65,The BNSS is India's new criminal procedure law (on-screen: BNSS 2023 · BHARATIYA NAGARIK SURAKSHA SANHITA),yes,L66,confirmed,https://www.mha.gov.in/sites/default/files/250884_2_english_01042024.pdf,An Act to consolidate and amend the law relating to Criminal Procedure.,"Act No. 46 of 2023, President's assent 25 Dec 2023 (Gazette of India Extraordinary)."
C66,"BNSS s.43: an arrest needs the officer to actually touch or confine you, or your submission to custody (on-screen: 1 · PHYSICAL ARREST [BNSS S.43])",yes,L67,confirmed,https://www.mha.gov.in/sites/default/files/250884_2_english_01042024.pdf,"In making an arrest the police officer or other person making the same shall actually touch or confine the body of the person to be arrested, unless there be a submission to the custody by word or action","s.43(1). Proviso: for a woman, submission is presumed on oral intimation and a male officer shall not touch her; it is still an in-person arrest. No change needed."
C67,BNSS s.36(a): the arresting officer's name must be clearly visible (name badge) (on-screen: 2 · NAME VISIBLE [BNSS S.36]),yes,L68,confirmed,https://www.mha.gov.in/sites/default/files/250884_2_english_01042024.pdf,"bear an accurate, visible and clear identification of his name which will facilitate easy identification","D.K. Basu's wording was 'name tags', so 'name badge' is apt."
C68,"BNSS s.36(b): an arrest memo attested by a family member or a respectable local, and signed by you too (on-screen: 3 · ARREST MEMO + WITNESS [BNSS S.36])",yes,L69,confirmed,https://www.mha.gov.in/sites/default/files/250884_2_english_01042024.pdf,"attested by at least one witness, who is a member of the family of the person arrested or a respectable member of the locality where the arrest is made",s.36(b)(ii): 'countersigned by the person arrested'. 'Locality where the arrest is made' equals 'your area' when you are arrested at home.
C69,BNSS s.48: your relatives or a friend must be told at once of the arrest and where you are held (on-screen: 4 · FAMILY INFORMED [BNSS S.48]),yes,L70,confirmed,https://www.mha.gov.in/sites/default/files/250884_2_english_01042024.pdf,"forthwith give the information regarding such arrest and place where the arrested person is being held to any of his relatives, friends or such other persons as may be disclosed or nominated by the arrested person",s.48(1).
C70,BNSS s.58: you must be taken before a magistrate within 24 hours (on-screen: 5 · MAGISTRATE IN 24 H [BNSS S.58]),yes,L71,confirmed,https://www.mha.gov.in/sites/default/files/250884_2_english_01042024.pdf,"such period shall not, in the absence of a special order of a Magistrate under section 187, exceed twenty-four hours exclusive of the time necessary for the journey from the place of arrest to the Magistrate's Court",s.58 covers arrest without warrant; the s.78 proviso gives the same 24 hours for arrests under a warrant; Constitution Art. 22(2) (https://indiankanoon.org/doc/581566/). Journey time is excluded; no change needed.
C71,"D.K. Basu v. State of West Bengal (1996) is the source of the name-tag, arrest-memo and inform-a-relative rules, now in the BNSS (on-screen: [D.K. BASU v. STATE OF WEST BENGAL | 1996])",yes,L72,confirmed,https://indiankanoon.org/doc/501198/,"should bear accurate, visible and clear identification and name togs with their designations.","Judgment of 18 Dec 1996 (Kuldip Singh and A.S. Anand JJ.), reported (1997) 1 SCC 416; 'togs' is the source's typo. Its requirements (1) to (3) (name tags; memo attested by a family member or respectable local and countersigned; right to have a friend or relative informed) match BNSS s.36 and s.48 (PIB comparison: '(S. 50A CrPC, now S. 48 BNSS)', https://static.pib.gov.in/WriteReadData/specificdocs/documents/2024/may/doc2024522337501.pdf). Tag year correct."
C72,All of 'these rules' (all five) rest on the D.K. Basu judgment (te: ఈ రూల్స్ కి పునాది),no,L72,wrong,https://static.pib.gov.in/WriteReadData/specificdocs/documents/2024/may/doc2024522337501.pdf,"(S. 46 CrPC, now S. 43 BNSS)","Rule 1 (touch or confine, s.43) is the old CrPC s.46 rule, and rule 5 (24 hours, s.58) is CrPC s.57 and Constitution Art. 22(2) (same PIB document: '(S. 57 CrPC, now S. 58 BNSS)'). D.K. Basu's 11 requirements cover rules 2 to 4 only. REPLACEMENT te: నేమ్ బ్యాడ్జ్, అరెస్ట్ మెమో, ఫ్యామిలీ కి చెప్పడం, ఈ రూల్స్ సుప్రీం కోర్ట్ ఇచ్చిన డి కె బసు జడ్జిమెంట్ నుంచి వచ్చాయి. ఇప్పుడు అవి చట్టంలోనే ఉన్నాయి. en: The name badge, the arrest memo, telling your family: these rules came from the Supreme Court's D K Basu judgment. Today they are written into the law itself. Optional extra sentence te: ట్వెంటీ ఫోర్ అవర్స్ రూల్ అయితే మన రాజ్యాంగంలోనే ఉంది. en: And the twenty-four-hour rule is in our Constitution itself (Art. 22(2))."
C73,The law says your family must be told; the scammer says hide it from your family (on-screen: LAW: TELL FAMILY · SCAM: HIDE FROM FAMILY),yes,L73,confirmed,https://www.mha.gov.in/sites/default/files/250884_2_english_01042024.pdf,"to any of his relatives, friends or such other persons as may be disclosed or nominated by the arrested person","BNSS s.48(1). Scam side: TNM, the judge was 'warned ... not to disclose the matter to anyone, including my family'."
C74,"No police, no court and not even the RBI will ask you to transfer money for verification",yes,L74,confirmed,https://www.deccanherald.com/india/karnataka/mangaluru/mangaluru-police-recover-rs-17-lakh-duped-in-digital-arrest-3781567,"No agency — including the police, judiciary, CBI, or ED — ever demands money transfers or deposits under such a pretext,",Mangaluru DCP Mithun H N (Deccan Herald 31 Oct 2025). RBI 6 Feb 2012: it 'never contacts the public via unsolicited phone calls or emails asking for money' (https://www.rbi.org.in/Scripts/BS_PressReleaseDisplay.aspx?prid=25911); RBI 4 Jul 2018: 'RBI does not hold any accounts for individuals.' (https://www.rbi.org.in/Scripts/BS_PressReleaseDisplay.aspx?prid=44392).
C75,On-screen tag: MONEY DEMAND = SCAM [RBI · I4C ADVISORIES],yes,L74,unverified,https://www.etvbharat.com/en/!bharat/cbi-ed-police-dont-arrest-people-through-video-calls-indian-cyber-crime-coordination-centre-enn24100602996,"Don't Panic, Stay Alert. CBI/Police/Custom/ED/Judges DO NOT arrest you on video call.","The only I4C advisory found (Oct 2024) is about arrests on video calls; no I4C statement about money demands was found, so the I4C part of the tag is unsupported. REPLACEMENT on-screen: MONEY DEMAND = SCAM [RBI · POLICE ADVISORIES]. VO unchanged: ఇంకో విషయం. ఏ పోలీస్ గానీ, ఏ కోర్ట్ గానీ, ఆర్ బి ఐ గానీ, వెరిఫికేషన్ కోసం మీ డబ్బు ట్రాన్స్ఫర్ చేయమని అడగరు. డబ్బు అడిగారు అంటే, అది హండ్రెడ్ పర్సెంట్ స్కామ్. en (unchanged): One more thing. No police, no court, not even the RBI, will ask you to transfer your money for verification. If they asked for money, it's a hundred percent scam."
C76,A real case comes with a written notice you can verify at a police station,no,L75,confirmed,https://www.mha.gov.in/sites/default/files/250884_2_english_01042024.pdf,"The police officer shall, in all cases where the arrest of a person is not required under sub-section (1) issue a notice directing the person","BNSS s.35(3). The Supreme Court (Satender Kumar Antil v. CBI, 16 Jul 2025) held that s.35 notices cannot be served by WhatsApp or other electronic modes (https://www.scconline.com/blog/post/2025/07/31/supreme-court-section-35-bnss-notices-physical-service-mandate/). BNSS s.63 and s.64(2) do allow court summons by electronic communication, but only bearing the court seal image or a digital signature: still a written, checkable document, so the line holds. Police may arrest without prior notice in some cases (s.35(1)), but then in person with a memo (s.36)."
C77,The number they give you to 'verify' leads to their own people,no,L78,confirmed,https://www.thenewsminute.com/telangana/hyderabad-retired-judge-loses-rs-166-crore-in-digital-arrest-scam-using-ex-cbi-officers-name,The accused and the victim were then joined by another person on the call who claimed to be Circle Inspector Gourav Saradhi.,Deccan Herald 22 Dec 2024: the victim's call was 'transferred to the Pant Nagar police station in Mumbai' (a fake station). Advice line; no change.
C78,Fraudsters use screen-share and remote-access apps (so do not install them) (on-screen: NO APPS),yes,L79,confirmed,https://www.outlookbusiness.com/personal-finance-news/npci-cautions-consumers-against-downloading-anydesk-app-2886,new modus operandi to commit fraud in digital payment ecosystem using remote screen access apps,"NPCI warning reported 19 Feb 2019, following RBI Alert 1/2019 of 14 Feb 2019 on AnyDesk-type apps. Mangaluru DCP (Deccan Herald 31 Oct 2025): 'download only trusted apps'."
C79,1930 is the national cybercrime helpline (on-screen: CALL 1930),yes,L81,confirmed,https://www.sentinelassam.com/more-news/national-news/mha-alerts-against-blackmail-digital-arrest-by-cyber-criminals-posing-government-agency-officers,report the incident on cybercrime helpline number 1930 or www.cybercrime.gov.in for assistance,"MHA alert, 14 May 2024. I4C advisory Oct 2024: 'central helpline number 1930' (https://www.etvbharat.com/en/!bharat/cbi-ed-police-dont-arrest-people-through-video-calls-indian-cyber-crime-coordination-centre-enn24100602996); PM in Mann Ki Baat: dial 1930 to reach the national cyber helpline. Calling your bank at once is standard advice."
C80,File a complaint at cybercrime.gov.in (on-screen: cybercrime.gov.in),yes,L82,confirmed,https://www.sentinelassam.com/more-news/national-news/mha-alerts-against-blackmail-digital-arrest-by-cyber-criminals-posing-government-agency-officers,report the incident on cybercrime helpline number 1930 or www.cybercrime.gov.in for assistance,The site is the National Cyber Crime Reporting Portal (the SC order of 04.08.2026 calls it the 'National Cybercrime Reporting Portal').
C81,"Home Ministry officials say reacting fast is the only way to block the money (on-screen: REACT FAST [MHA OFFICIAL | THEPRINT, FEB 2026])",yes,L83,claim,https://theprint.in/india/governance/after-465-spike-in-2024-mha-data-shows-digital-arrest-scams-are-on-a-decline-in-india/2857002/,The only way to block the money is to react fast.,"Same senior MHA official to ThePrint (18 Feb 2026): 'There is a golden hour, and if the money is blocked through prompt action, it can be saved,'. Mangaluru police froze the full sum after a same-evening report (Deccan Herald). The VO attributes the claim; tag correct."
C82,"Keep all the evidence (numbers, screenshots, chats, transaction IDs)",yes,L84,confirmed,https://odishabytes.com/pm-modi-flags-digital-arrest-in-mann-ki-baat-spells-mantra-to-combat-cybercrimes/amp/,"inform family and police, preserve evidence.",Part of the PM's Mann Ki Baat steps (27 Oct 2024). Advice line.
C83,Chakshu on Sanchar Saathi is for reporting suspected fraud calls when no money is lost yet (on-screen: sancharsaathi.gov.in · CHAKSHU),yes,L85,confirmed,https://www.outlookmoney.com/retirement/financial-planning/how-to-report-suspected-fraud-communication-via-dots-chakshu-facility,only for reporting suspected fraud communication and not for frauds that have already happened.,Outlook Money 18 Mar 2024. Sentinel Assam 23 Sep 2024: Chakshu 'facilitates citizens to report suspected fraud communications with the intention of defrauding telecom service users.'; its categories include impersonating a government official; money lost goes to 1930 or cybercrime.gov.in (https://sentinelassam.com/topheadlines/information-report-chakshu-for-fraud-communication). Matches the L81 to L85 order.
C84,This is a trap designed by a professional criminal network,no,L89,confirmed,https://www.etvbharat.com/en/!bharat/ministry-of-home-affairs-issues-nationwide-alert-over-digital-arrest-enn24051405886,cross-border crime syndicates,MHA alert 14 May 2024 (ETV Bharat). SC order 17.10.2025: 'indicating a pattern of organized criminal activity targeting senior citizens' (https://api.sci.gov.in/supremecourt/2025/59769/59769_2025_2_7_65003_Order_17-Oct-2025.pdf); MHA official (ThePrint): 'These scam farms operate in a very organised manner.'
