id	section	te	en	visual	onscreen	sound
L01	1 Hook	ఫోన్ రింగ్ అవుతుంది. తెలియని నంబర్.	The phone rings. An unknown number.	Night. Macro of a phone on a dining table, screen lights up with an unknown number; slow push-in, shallow focus.		Phone vibrating on wood; sub-bass drone fades in
L02	1 Hook	అవతలి వైపు ఒక సీరియస్ వాయిస్... మేము సి బి ఐ నుంచి మాట్లాడుతున్నాం.	A serious voice on the other end... We are calling from the CBI.	SIMULATION: video-call UI on the phone; a man in a khaki uniform, face blurred, a generic agency crest behind (never a real emblem).	SIMULATION	Call-connect tone
L03	1 Hook	మీ ఆధార్ నంబర్ మీద మనీ లాండరింగ్ కేస్ రిజిస్టర్ అయింది. మీ మీద అరెస్ట్ వారెంట్ ఉంది.	A money-laundering case is registered against your Aadhaar number. There is an arrest warrant against you.	A forged warrant slides into frame, red stamp lands; forensic magnifier passes over a fake seal.	FORGED DOCUMENT · ILLUSTRATION	Stamp thud (−8 dB)
L04	1 Hook	మీరు ఎక్కడికీ వెళ్ళకూడదు. ఎవరికీ చెప్పకూడదు. కెమెరా ఆఫ్ చేయకూడదు.	You can't go anywhere. You can't tell anyone. You can't switch off the camera.	Three hard cuts, one per order: front door bolt sliding shut; family photo turned face-down; phone camera lens macro with a red REC dot.	REC ● 00:00:01 (corner timer starts)	Ticking clock enters
L05	1 Hook	ఆ క్షణం నుంచి మీరు ఒక జైలు లో ఉన్నారు. గోడలు లేని జైలు. మీ సొంత ఇంట్లో.	From that moment you are in a jail. A jail without walls. In your own home.	Wide living room, slow dolly back; a lone silhouette on a sofa lit only by the phone; vignette tightens.		Drone swells
L06	1 Hook	గంటలు గడుస్తాయి. రోజులు గడుస్తాయి. ఒక ట్రాన్స్ఫర్, తర్వాత ఇంకో ట్రాన్స్ఫర్...	Hours pass. Days pass. One transfer, then another...	SIMULATION banking-app screens stacking up; corner timer fast-forwards to 72:00:00; balance counter drains.	SIMULATION · balance counter falling	Notification pings, accelerating
L07	1 Hook	జీవితమంతా కష్టపడి దాచుకున్న డబ్బు, కొన్ని గంటల్లో, మహా అయితే కొన్ని రోజుల్లో, మాయం.	Money saved over a whole lifetime, gone in a few hours, a few days at most.	Balance hits ₹0; screen snaps to black.	₹0	Music cuts; one low thud
L08	1 Hook	ఇది సినిమా కథ కాదండీ. ఇదే స్టోరీ హైదరాబాద్ లో ఒక రిటైర్డ్ జిల్లా జడ్జి గారికి జరిగింది. వన్ క్రోర్ సిక్స్టీ సిక్స్ లాక్స్ పోయాయి.	This is not a movie plot. This exact story happened to a retired district judge in Hyderabad. One crore sixty-six lakh, gone.	Real Hyderabad night skyline (stock), then credited news headlines sliding in a collage (short excerpts).	₹1.66 CRORE [THE NEWS MINUTE · NEWSMETER | MAR 2026]	Light braam
L09	1 Hook	చట్టం గురించి అందరికంటే బాగా తెలిసిన ఒక జడ్జి. ఆయనే ట్రాప్ అయితే... మనం ఎంత సేఫ్.	A judge, who knows the law better than anyone. If even he got trapped... how safe are we?	Gavel on a court desk in dim light (stock), rack focus to an empty chair.		Drone
L10	1 Hook	ఈ వీడియో అయ్యేసరికి, ఈ స్కామ్ ని ఒక్క సెకండ్ లో గుర్తుపట్టే ఒక సింపుల్ నిజం మీకు తెలుస్తుంది.	By the end of this video you'll know one simple truth that exposes this scam in a second.	Phone screen cracks into light; title treatment DIGITAL ARREST in lower third.	DIGITAL ARREST	Riser
L11	1 Hook	నమస్తే, బీ ప్రాక్టికల్ విత్ కిషోర్ కి వెల్కమ్. ఈ రోజు ఈ స్కామ్ ని పూర్తిగా ఓపెన్ చేద్దాం.	Hello, welcome to Be Practical with Kishore. Today let's open this scam up completely.	Logo sting, then Kishore on camera (owner records ~5 s) or channel lower-third. Channel name must be on screen by 0:15–0:20 (logo bug at 0:15 even before this line).	BE PRACTICAL WITH KISHORE	Logo sting
L12	2 Scale	ముందు అసలు ఈ స్కామ్ ఎంత పెద్దదో చూద్దాం.	First, let's see how big this scam really is.	Dark animated map of India; complaint dots light up state by state.		Investigation synth pulse
L13	2 Scale	ట్వెంటీ ట్వెంటీ ఫోర్ లో, ఒక్క సంవత్సరంలోనే, డిజిటల్ అరెస్ట్ మీద వన్ లాక్ ట్వెంటీ త్రీ థౌసండ్ కి పైగా కంప్లైంట్స్ వచ్చాయి.	In 2024, in a single year, over one lakh twenty-three thousand digital arrest complaints came in.	Counter rolls up over the map.	1,23,672 COMPLAINTS · 2024 [I4C STATUS REPORT | SUPREME COURT, AUG 2026]	Counter ticks
L14	2 Scale	అంటే రోజుకి త్రీ హండ్రెడ్ కి పైగా.	That's more than three hundred a day.	Calendar pages flipping fast; each page drops a cluster of dots.	300+ / DAY	
L15	2 Scale	పోయిన డబ్బు ఎంతో తెలుసా... నైన్టీన్ హండ్రెడ్ క్రోర్స్ కి పైగా.	Do you know how much money was lost... over nineteen hundred crore.	Rupee counter races past ₹1,900 crore; camera pulls out.	₹1,918 CRORE · 2024 [I4C DATA | THEPRINT, FEB 2026]	Low hit
L16	2 Scale	ఇవి కంప్లైంట్ ఇచ్చిన వాళ్ళ లెక్కలు మాత్రమే.	These are only the people who complained.	Apartment block at night, lit windows; slow tilt; one window goes dark.		
L17	2 Scale	ఇక్కడ ఒక గుడ్ న్యూస్ కూడా ఉంది. ట్వెంటీ ట్వెంటీ ఫైవ్ లో కంప్లైంట్స్ సగానికి పైగా తగ్గి, ఫిఫ్టీ ఎయిట్ థౌసండ్ కి వచ్చాయి.	There is some good news too. In 2025 complaints fell by more than half, to fifty-eight thousand.	Animated bar falls from 2024 to 2025.	58,249 · 2025 [I4C STATUS REPORT | SUPREME COURT, AUG 2026]	
L18	2 Scale	కారణం ఏంటంటే, హోమ్ మినిస్ట్రీ అధికారులు చెప్తున్నదాని ప్రకారం... అవేర్నెస్.	The reason, according to Home Ministry officials... awareness.	Montage: phone receiving an awareness SMS (simulation), caller-tune waveform, a TV ad frame.	AWARENESS WORKS [MHA OFFICIAL | THEPRINT, FEB 2026]	
L19	2 Scale	అంటే ఈ స్కామ్ కి మందు ఒకటే. తెలుసుకోవడం.	So this scam has one medicine: knowing.	Grandparents watching a phone together on a sofa (stock), warm practical light.		
L20	2 Scale	కానీ రిలాక్స్ అవ్వకండి. ట్వెంటీ ట్వెంటీ సిక్స్ లో ఫస్ట్ సిక్స్ మంత్స్ లోనే సిక్స్టీన్ థౌసండ్ కి పైగా కంప్లైంట్స్ వచ్చాయి.	But don't relax. In just the first six months of 2026, over sixteen thousand complaints came in.	Bar for H1 2026 rises; Supreme Court exterior (stock or Commons).	16,377 · JAN–JUN 2026 [SUPREME COURT | AUG 2026]	
L21	2 Scale	ఇంకో ముఖ్యమైన విషయం. ఈ ట్రాప్ లో చదువు లేనివాళ్ళే పడతారు అనుకుంటే, అది పెద్ద పొరపాటు.	One more important point. If you think only uneducated people fall into this trap, that's a big mistake.	Fast montage of professions (stock): a doctor's coat, an engineer at a laptop, a bank counter, a boardroom.		
L22	2 Scale	రిటైర్డ్ జడ్జి లు, డాక్టర్లు, సాఫ్ట్వేర్ ఇంజనీర్లు, రిటైర్డ్ బ్యాంక్ ఉద్యోగులు, పెద్ద కంపెనీ చైర్మన్లు కూడా ఈ ట్రాప్ లో పడ్డారు.	Retired judges, doctors, software engineers, retired bank employees, even chairmen of big companies have fallen into this trap.	Continue montage; each profession gets a 2–3-word lower third.	JUDGE · DOCTOR · ENGINEER · BANKER · CHAIRMAN	
L23	2 Scale	ఎందుకంటే ఈ స్కామ్ మీ తెలివిని టార్గెట్ చేయదు. మీ భయాన్ని టార్గెట్ చేస్తుంది.	Because this scam doesn't target your intelligence. It targets your fear.	Extreme close-up of an eye reflecting a phone screen; pupil dilates.		Heartbeat
L24	3 Case	ఇప్పుడు ఆ జడ్జి గారి కేస్ దగ్గరకి వెళ్దాం. ఫిబ్రవరి ట్వెంటీ థర్డ్, ట్వెంటీ ట్వెంటీ సిక్స్. హైదరాబాద్, నేరేడ్మెట్.	Now let's go to the judge's case. February twenty-third, 2026. Neredmet, Hyderabad.	Animated map zoom: India → Telangana → Hyderabad → Neredmet (OpenStreetMap), then a quiet residential street (stock).	23 FEB 2026 · NEREDMET, HYDERABAD	
L25	3 Case	ఆయనకి ఒక కాల్ వస్తుంది. అవతలి వ్యక్తి తన పేరు దీపక్ కుమార్ అని, సీనియర్ సి బి ఐ ఆఫీసర్ అని చెప్పుకుంటాడు.	He gets a call. The man on the line says his name is Deepak Kumar, a senior CBI officer.	RECONSTRUCTION: elderly man's hands holding a phone (stock, no face), call screen reading a name only.	RECONSTRUCTION	
L26	3 Case	మీ ఆధార్ మీద ఇంకో సిమ్ తీసుకున్నారు, ఆ నంబర్స్ నుంచి ఆడవాళ్ళకి అసభ్యంగా కాల్స్ వెళ్తున్నాయి, బెంగళూరు ఇందిరానగర్ పోలీస్ స్టేషన్ లో ఎఫ్ ఐ ఆర్ అయింది అంటాడు.	He says another SIM was taken on your Aadhaar, obscene calls are going to women from those numbers, and an FIR has been filed at Indiranagar police station in Bengaluru.	Animated SIM card duplicating; a fake FIR page with a forensic magnifier.	FAKE FIR · ILLUSTRATION	
L27	3 Case	తర్వాత ఇంకో వ్యక్తి లైన్ లోకి వస్తాడు. సర్కిల్ ఇన్స్పెక్టర్ అని చెప్పి, ఒక హ్యూమన్ ట్రాఫికింగ్ కేస్ లో మీ పేరు ఉంది, సుప్రీం కోర్ట్ మీ మీద నాన్ బెయిలబుల్ వారెంట్ ఇష్యూ చేసింది అంటాడు.	Then a second man joins the line. Claiming to be a circle inspector, he says your name is in a human-trafficking case and the Supreme Court has issued a non-bailable warrant against you.	SIMULATION: conference-call UI adds a second participant; a fake warrant with a Supreme Court-style header slides up.	SIMULATION	Second ring tone
L28	3 Case	ఇక్కడ ఒక్క నిమిషం ఆలోచించండి. సుప్రీం కోర్ట్ ఇలా ఫోన్ లో వారెంట్లు పంపదని ఒక జడ్జి కి తెలుసు. కానీ భయం వేరే లెవెల్ లో పనిచేస్తుంది.	Stop and think for a minute. A judge knows the Supreme Court doesn't send warrants over the phone. But fear works on a different level.	Freeze-frame; image desaturates; slow push on the fake warrant.		Music drops to a low pulse
L29	3 Case	తర్వాత వీడియో కాల్. ఒక మహిళ, తను సీనియర్ సి బి ఐ ఆఫీసర్ అని చెప్తుంది. వాడిన పేరు ఒక నిజమైన రిటైర్డ్ ఐ పి ఎస్ ఆఫీసర్ ది.	Then a video call. A woman says she is a senior CBI officer. The name she used belongs to a real retired IPS officer.	SIMULATION: video call, uniformed woman, face fully blurred. Never show the real officer's photo.	SIMULATION · REAL NAME MISUSED	
L30	3 Case	స్క్రీన్ మీద ఒక సుప్రీం కోర్ట్ లెటర్ చూపిస్తుంది. మనీ లాండరింగ్, హ్యూమన్ ట్రాఫికింగ్, ఐడెంటిటీ థెఫ్ట్.	She holds up a Supreme Court letter to the screen. Money laundering, human trafficking, identity theft.	Three charge words stamp onto the fake letter one by one.	FORGED LETTER · RECONSTRUCTION	Three stamp hits
L31	3 Case	తర్వాత ఒక కండిషన్. ఈ విషయం ఎవరికీ చెప్పకూడదు. మీ ఫ్యామిలీ కి కూడా.	Then one condition. You can't tell anyone about this. Not even your family.	Family photo on a shelf drifts out of focus.		
L32	3 Case	ఇంట్లోంచి బయటకు వెళ్ళకూడదు, వీడియో కాల్స్ తో మిమ్మల్ని మానిటర్ చేస్తాం అంటారు.	You can't leave the house; we'll monitor you on video calls, they say.	REC dot returns; corner timer resumes.	REC ● (corner)	
L33	3 Case	అరెస్ట్ అయితే మీ పరువు, ఇన్నేళ్ళ కెరీర్, అంతా పోతుంది అని భయపెడతారు.	They threaten that if he's arrested, his reputation and his whole career will be gone.	Old framed certificates and a nameplate on a wall (stock), slow push.		
L34	3 Case	తర్వాత అసలు టార్గెట్. ఫైనాన్షియల్ వెరిఫికేషన్. మీ డబ్బు లీగల్ దో కాదో చెక్ చేయాలి, వెరిఫికేషన్ అయ్యాక మొత్తం రిఫండ్ చేస్తాం అంటారు.	Then the real target. Financial verification. We have to check whether your money is legal; after verification we'll refund all of it, they say.	SIMULATION: bank app; account details highlighted; a VERIFICATION progress bar that never finishes.	SIMULATION	
L35	3 Case	ఫిబ్రవరి ట్వెంటీ ఫిఫ్త్ నుంచి మార్చ్ సెకండ్ వరకు, ఫోర్ ట్రాన్స్ఫర్స్ లో, వన్ క్రోర్ సిక్స్టీ సిక్స్ లాక్స్ పంపేశారు.	From February twenty-fifth to March second, in four transfers, he sent one crore sixty-six lakh.	Calendar strip 25 Feb → 2 Mar; four transfer arrows fly out; counter totals ₹1.66 crore.	4 TRANSFERS · 25 FEB–2 MAR · ₹1.66 CR [THE420.IN · TNM | MAR 2026]	Four whooshes
L36	3 Case	రిఫండ్ రాలేదు. వాళ్ళు కాంటాక్ట్ లో లేరు. అప్పుడు అర్థమైంది.	The refund never came. They went silent. That's when it sank in.	Call screen: CALL FAILED, repeated; slow fade.		Silence for 1 s
L37	3 Case	ఆయన మల్కాజ్గిరి సైబర్ క్రైమ్ పోలీసులకు కంప్లైంట్ ఇచ్చారు.	He complained to the Malkajgiri cyber crime police.	Exterior of a police station (stock, India), slow pan.	CCS MALKAJGIRI [PTI | 9 MAR 2026]	
L38	3 Case	ఇప్పుడు ఒక ప్రశ్న. ఇంత తెలిసిన మనిషి ఎలా నమ్మారు. జవాబు సింపుల్. ఆయన్ని ఆలోచించనివ్వలేదు.	Now a question. How did someone who knows so much believe it? The answer is simple. They never let him think.	Clock hands spinning; a figure surrounded by four ringing phones (animated silhouette).		
L39	3 Case	భయం, అథారిటీ, ఐసోలేషన్, టైమ్ ప్రెషర్. ఈ నాలుగు కలిస్తే, ఎంత పెద్ద మనిషైనా లాజిక్ పక్కకు వెళ్ళిపోతుంది.	Fear, authority, isolation, time pressure. Put these four together and anyone, however senior, loses their logic.	The four words appear one at a time in the lower-left corner on a dark scrim.	FEAR · AUTHORITY · ISOLATION · TIME	Four pulses
L40	4a Playbook: fear	ఇప్పుడు ఈ గ్యాంగ్ ప్లేబుక్ ని స్టెప్ బై స్టెప్ చూద్దాం. మూడు స్టేజెస్ ఉంటాయి.	Now let's take this gang's playbook step by step. There are three stages.	2.5D isometric model of a scam call centre; three zones dim, waiting to light.	THE PLAYBOOK	Investigation track
L41	4a Playbook: fear	స్టేజ్ వన్, భయం. కొరియర్ కంపెనీ నుంచి అని, టెలికామ్ డిపార్ట్మెంట్ నుంచి అని, లేదా పోలీస్ నుంచి అని ఒక కాల్ వస్తుంది.	Stage one: fear. A call comes, supposedly from a courier company, the telecom department, or the police.	Zone 1 lights up; three caller IDs flick past.	STAGE 1 · FEAR	
L42	4a Playbook: fear	మీ పేరు మీద వచ్చిన పార్సిల్ లో డ్రగ్స్ దొరికాయి, మీ సిమ్ తో క్రైమ్ జరిగింది, మీ అకౌంట్ లో మనీ లాండరింగ్ డబ్బు ఉంది. ఏదో ఒక స్టోరీ.	Drugs were found in a parcel in your name, a crime was committed with your SIM, there's laundered money in your account. Some story or other.	Courier box on a scanner belt (stock); X-ray look; SIM card; bank statement with a red highlighter sweep.		
L43	4a Playbook: fear	తర్వాత వాట్సాప్ లోనో, స్కైప్ లోనో వీడియో కాల్ కి షిఫ్ట్ చేస్తారు.	Then they move you to a video call on WhatsApp or Skype.	SIMULATION: voice call converting to video call.	SIMULATION	
L45	4a Playbook: fear	కేంద్ర హోమ్ మినిస్ట్రీ నే చెప్పింది. ఈ గ్యాంగ్స్ పోలీస్ స్టేషన్స్, గవర్నమెంట్ ఆఫీసుల లాగా కనిపించే స్టూడియోలు వాడతారు, యూనిఫామ్స్ వేసుకుంటారు అని.	The Union Home Ministry itself said it: these gangs use studios that look like police stations and government offices, and they wear uniforms.	Pull back from the fake set to reveal a small studio corner with lights and a printed backdrop; slow orbit.	FAKE SET · RECONSTRUCTION [MHA / I4C ALERT | MAY 2024]	
L46	4a Playbook: fear	కొంతమందికి ఏకంగా ఫేక్ కోర్ట్ హియరింగ్ కూడా చూపిస్తారు.	Some people are even shown a fake court hearing.	SIMULATION: video-call grid turning into a courtroom layout.	SIMULATION	Gavel
L47	4a Playbook: fear	లుధియానా లో వర్ధమాన్ గ్రూప్ చైర్మన్ ఎస్ పి ఓస్వాల్ గారికి స్కైప్ లో ఒక ఫేక్ సుప్రీం కోర్ట్ హియరింగ్ నడిపించారు. జడ్జి గా అప్పటి చీఫ్ జస్టిస్ పేరు చెప్పారు.	For S P Oswal, chairman of the Vardhman Group in Ludhiana, they staged a fake Supreme Court hearing on Skype. They used the name of the then Chief Justice for the judge.	Ludhiana establishing shot (stock); credited headline (Bar & Bench); no photo of the real Chief Justice.	₹7 CRORE · SEPT 2024 [BAR & BENCH | BUSINESS STANDARD]	
L48	4a Playbook: fear	జడ్జి ఫేస్ కనిపించలేదు, కానీ సుత్తి కొట్టే సౌండ్ వినిపించింది అని ఆయనే చెప్పారు. తర్వాత స్టాంప్ వేసిన ఆర్డర్ వాట్సాప్ లో వచ్చింది. సెవెన్ క్రోర్స్ ట్రాన్స్ఫర్ చేశారు.	He said he couldn't see the judge's face, but heard a gavel banging. Then a stamped order arrived on WhatsApp. He transferred seven crore.	Black video tile labelled JUDGE with an audio waveform pulsing to gavel hits; stamped order slides in.	SIMULATION	Gavel ×3 (diegetic-style)
L49	4a Playbook: fear	హర్యానా లో ఒక వృద్ధ దంపతులకి, సుప్రీం కోర్ట్ పేరుతో, ఒక జడ్జి సంతకం ఫోర్జ్ చేసిన ఆర్డర్స్ చూపించి, వన్ క్రోర్ ఫైవ్ లాక్స్ కొట్టేశారు. ఆ కేస్ తోనే సుప్రీం కోర్ట్ ఈ స్కామ్ ని సుమోటో గా తీసుకుంది.	In Haryana, an elderly couple was shown orders in the Supreme Court's name with a judge's forged signature, and robbed of one crore five lakh. That case is what made the Supreme Court take up this scam on its own.	Ambala street (stock); forged signature magnified; Supreme Court building.	₹1.05 CR · SUO MOTU, OCT 2025 [SUPREME COURT OF INDIA]	
L50	4b Playbook: isolation and money	స్టేజ్ టూ, ఐసోలేషన్. ఇదే వీళ్ళ అసలు ఆయుధం.	Stage two: isolation. This is their real weapon.	Zone 2 lights; the figure in the model is enclosed by a glass box.	STAGE 2 · ISOLATION	Muffled room tone
L51	4b Playbook: isolation and money	కెమెరా ఎప్పుడూ ఆన్ లోనే ఉండాలి. ఓస్వాల్ గారికి నిద్రపోయేటప్పుడు కూడా స్కైప్ ఆన్ లో ఉంచమన్నారు.	The camera must always stay on. Mr Oswal was told to keep Skype on even while he slept.	Bedside phone, camera facing the bed in darkness, REC dot glowing.	REC ● 47:12:09	
L52	4b Playbook: isolation and money	ఫ్యామిలీ కి ఎందుకు చెప్పొద్దంటారో తెలుసా. మీరు మీ అబ్బాయికో, ఒక ఫ్రెండ్ కో ఒక్క కాల్ చేస్తే చాలు, కొన్ని నిమిషాల్లో ఈ స్కామ్ మొత్తం బయటపడుతుంది.	Do you know why they say don't tell your family? One call to your son or a friend is enough; within minutes the whole scam falls apart.	Split screen: the isolated figure vs a family phone call; the glass box cracks.		
L54	4b Playbook: isolation and money	హైదరాబాద్ లో ఒక సెవెంటీ సిక్స్ ఏళ్ళ రిటైర్డ్ డాక్టర్ ని దాదాపు సెవెంటీ అవర్స్ ఇలాగే డిజిటల్ అరెస్ట్ లో ఉంచారు. తర్వాత ఆమె హార్ట్ అటాక్ తో చనిపోయారు. ఈ ప్రెషర్ ఎంత ప్రమాదమో అర్థం చేసుకోండి.	In Hyderabad, a seventy-six-year-old retired doctor was kept in this kind of digital arrest for about seventy hours. Later she died of a heart attack. Understand how dangerous this pressure is.	Respectful: an empty armchair beside a window at dawn; no name, no photo of her.	70 HOURS [MEDICAL DIALOGUES | SEPT 2025]	Music almost silent
L55	4b Playbook: isolation and money	స్టేజ్ త్రీ, డబ్బు. ఇక్కడ వాళ్ళు చాలా స్మూత్ గా, చాలా మర్యాదగా మాట్లాడతారు.	Stage three: money. Here they talk very smoothly, very politely.	Zone 3 lights; a calm uniformed silhouette leaning forward.	STAGE 3 · MONEY	
L56	4b Playbook: isolation and money	మీరు ఇన్నోసెంట్ అని ప్రూవ్ చేయాలంటే, వెరిఫికేషన్ కోసం మీ డబ్బు ఒక సేఫ్ అకౌంట్ కి పంపాలి అంటారు. ఆర్ బి ఐ అకౌంట్ అని, సీక్రెట్ సూపర్విజన్ అకౌంట్ అని పేర్లు పెడతారు.	To prove you're innocent, you must send your money to a safe account for verification, they say. They call it an RBI account, a secret supervision account.	SIMULATION: transfer screen with payee names RBI SAFE ACCOUNT and SECRET SUPERVISION A/C, then a red FAKE stamp.	SIMULATION · FAKE ACCOUNT	
L57	4b Playbook: isolation and money	వెరిఫికేషన్ అయ్యాక మొత్తం వెనక్కి వస్తుంది అని ప్రామిస్ చేస్తారు. కొంతమందితో ఎఫ్ డి లు కూడా బ్రేక్ చేయించి మరీ పంపిస్తారు.	They promise everything comes back after verification. Some people are even made to break their fixed deposits to send it.	FD certificate tearing in slow motion (illustration).	ILLUSTRATION	
L58	4b Playbook: isolation and money	ఆ డబ్బు ఒక్క అకౌంట్ లో ఆగదు. వేరేవాళ్ళ పేర్ల మీద ఉన్న మ్యూల్ అకౌంట్స్ ద్వారా ఎన్నో లేయర్స్ లో తిరిగి, బయటకు వెళ్ళిపోతుంది.	That money doesn't stop in one account. It moves through layer after layer of mule accounts in other people's names, and out.	Animated money-flow network: one node splits into dozens, branching off-screen.	MULE ACCOUNTS	Rapid ticks
L59	4b Playbook: isolation and money	ఈ కాల్స్ లో చాలావరకు కంబోడియా, మయన్మార్, థాయ్లాండ్ లాంటి దేశాల్లోని స్కామ్ సెంటర్స్ నుంచి వస్తున్నాయని అధికారులు చెప్తున్నారు.	Officials say many of these calls come from scam centres in countries like Cambodia, Myanmar and Thailand.	Animated map arc from Southeast Asia to India.	CAMBODIA · MYANMAR · THAILAND [MHA OFFICIALS | THEPRINT, FEB 2026]	
L60	4b Playbook: isolation and money	అందుకే ఒక్కసారి డబ్బు పోతే, తిరిగి రావడం చాలా కష్టం.	That's why once the money is gone, getting it back is very hard.	The network collapses to black.		Drone drops out
L61	5 Law	సరే. ఇప్పుడు ఈ మొత్తం స్కామ్ ని ఒక్క దెబ్బతో కూల్చేసే నిజం చెప్తాను.	Okay. Now I'll tell you the truth that brings this whole scam down in one blow.	Slow push into black.		VO_PAUSE: 1.5 s total music silence after this line
L62	5 Law	డిజిటల్ అరెస్ట్... అనేది మన చట్టంలో లేనే లేదు.	Digital arrest... simply does not exist in our law.	The words DIGITAL ARREST appear and are stamped through in red.	DIGITAL ARREST — NOT IN LAW [BNSS 2023 | MHA / I4C]	Braam / low thud as the stamp lands (−6 dB)
L64	5 Law	ప్రధాని మోదీ గారు కూడా మన్ కీ బాత్ లో ఇదే చెప్పారు. చట్టంలో డిజిటల్ అరెస్ట్ లాంటి సిస్టమ్ ఏదీ లేదు, ఇది ఫ్రాడ్ అని.	PM Modi said the same in Mann Ki Baat: there's no system like digital arrest in the law, it's a fraud.	Short credited excerpt of the Mann Ki Baat broadcast (official, Doordarshan/PIB) or radio waveform with caption.	[MANN KI BAAT | 27 OCT 2024]	
L65	5 Law	ఐ ఫోర్ సి కూడా క్లియర్ గా చెప్పింది. సి బి ఐ, పోలీస్, కస్టమ్స్, ఈ డి, జడ్జి లు, ఎవరూ వీడియో కాల్ లో అరెస్ట్ చేయరు.	I4C said it clearly too: the CBI, police, customs, ED, judges, none of them arrest anyone on a video call.	The official I4C advisory graphic (credited) with a slow push.	NO ARREST ON VIDEO CALL [I4C ADVISORY | OCT 2024]	
L66	5 Law	మరి నిజమైన అరెస్ట్ ఎలా జరుగుతుంది. మన కొత్త క్రిమినల్ ప్రొసీజర్ చట్టం, బి ఎన్ ఎస్ ఎస్, దీన్ని క్లియర్ గా చెప్తుంది.	So how does a real arrest happen? Our new criminal procedure law, the BNSS, spells it out clearly.	Teal palette begins; a real Indian police station front (stock), daylight.	BNSS 2023 · BHARATIYA NAGARIK SURAKSHA SANHITA	Music shifts to firm, steady
L67	5 Law	ఒకటి. అరెస్ట్ ఫిజికల్ గా జరగాలి. ఆఫీసర్ మిమ్మల్ని నిజంగా టచ్ చేయాలి, లేదా అదుపులోకి తీసుకోవాలి, లేదా మీరే వెళ్ళి కస్టడీ కి లొంగిపోవాలి. ఇది సెక్షన్ ఫార్టీ త్రీ.	One. An arrest has to happen physically. The officer must actually touch or confine you, or you must submit to custody yourself. That's section forty-three.	Animated hand on a shoulder, line-art over real footage.	1 · PHYSICAL ARREST [BNSS S.43]	
L68	5 Law	రెండు. అరెస్ట్ చేసే ఆఫీసర్ పేరు క్లియర్ గా కనిపించాలి, అంటే నేమ్ బ్యాడ్జ్ లాంటి ఐడెంటిఫికేషన్ ఉండాలి.	Two. The arresting officer's name must be clearly visible, meaning identification like a name badge.	Macro of a name badge on a uniform (stock).	2 · NAME VISIBLE [BNSS S.36]	
L69	5 Law	మూడు. అరెస్ట్ మెమో రాయాలి. దాని మీద మీ ఫ్యామిలీ మెంబర్ గానీ, మీ ఏరియా లో ఒక పెద్దమనిషి గానీ సాక్షి గా సంతకం పెట్టాలి. మీరు కూడా సంతకం పెట్టాలి.	Three. An arrest memo must be written. A family member or a respected person from your area must sign it as a witness. You sign it too.	A form being signed in close-up (stock).	3 · ARREST MEMO + WITNESS [BNSS S.36]	
L70	5 Law	నాలుగు. మీ అరెస్ట్ గురించి, మిమ్మల్ని ఎక్కడ ఉంచారో, మీ బంధువులకో ఫ్రెండ్ కో వెంటనే చెప్పాలి. ఇది సెక్షన్ ఫార్టీ ఎయిట్.	Four. Your relatives or a friend must be told immediately about your arrest and where you're being held. That's section forty-eight.	A family member answering a phone, relieved (stock).	4 · FAMILY INFORMED [BNSS S.48]	
L71	5 Law	ఐదు. ట్వెంటీ ఫోర్ అవర్స్ లోపల మిమ్మల్ని మెజిస్ట్రేట్ ముందుకు తీసుకెళ్ళాలి.	Five. Within twenty-four hours you must be taken before a magistrate.	Court corridor (stock); 24-hour dial animates.	5 · MAGISTRATE IN 24 H [BNSS S.58]	
L72	5 Law	ఈ రూల్స్ కి పునాది, సుప్రీం కోర్ట్ ఇచ్చిన డి కె బసు జడ్జిమెంట్. ఇప్పుడు అవి చట్టంలోనే ఉన్నాయి.	These rules stand on the Supreme Court's D K Basu judgment. Today they are written into the law itself.	Archive-style law-report page with the case title (typeset, not a fake scan).	[D.K. BASU v. STATE OF WEST BENGAL | 1996]	
L73	5 Law	ఇప్పుడు గమనించండి. ఫ్యామిలీ కి చెప్పాలి అని చట్టం చెప్తుంది. ఫ్యామిలీ కి చెప్పొద్దు అని స్కామర్ చెప్తాడు. అక్కడే మీకు క్లియర్ గా తెలిసిపోతుంది.	Now notice this. The law says your family must be told. The scammer says don't tell your family. That's exactly how you know.	Split screen: LAW (teal) vs SCAMMER (red); the red half shatters.	LAW: TELL FAMILY · SCAM: HIDE FROM FAMILY	Hit on the shatter
L74	5 Law	ఇంకో విషయం. ఏ పోలీస్ గానీ, ఏ కోర్ట్ గానీ, ఆర్ బి ఐ గానీ, వెరిఫికేషన్ కోసం మీ డబ్బు ట్రాన్స్ఫర్ చేయమని అడగరు. డబ్బు అడిగితే, అది హండ్రెడ్ పర్సెంట్ స్కామ్.	One more thing. No police, no court, not even the RBI, will ask you to transfer your money for verification. If they ask for money, it's a hundred percent scam.	The fake transfer screen from earlier, now with a big red X.	MONEY DEMAND = SCAM [RBI · I4C ADVISORIES]	
L75	5 Law	నిజమైన కేస్ ఉంటే, రాసిన నోటీస్ వస్తుంది. దాన్ని మీరు దగ్గర్లోని పోలీస్ స్టేషన్ కి వెళ్ళి వెరిఫై చేసుకోవచ్చు.	If there's a real case, a written notice comes. You can verify it by going to your nearest police station.	Person walking into a police station in daylight (stock).		
L76	6 Action	సరే, ఇప్పుడు అసలు పనికొచ్చే పార్ట్. మూడు స్టెప్స్ గుర్తుపెట్టుకోండి.	Okay, now the really useful part. Remember three steps.	Warm daylight; a hand picking up a phone confidently.	3 STEPS	Warm hopeful piano begins
L77	6 Action	ఫస్ట్. కాల్ కట్ చేయండి. వెంటనే. మర్యాద అవసరం లేదు, ఆర్గ్యూ చేయాల్సిన అవసరం లేదు.	First. Cut the call. Immediately. No need to be polite, no need to argue.	Thumb pressing the red end-call button, macro, satisfying snap.	STEP 1 · CUT THE CALL	Click
L78	6 Action	వాళ్ళు ఇచ్చిన నంబర్ కి కాల్ చేసి వెరిఫై చేయకండి. అది కూడా వాళ్ళ మనిషే. నంబర్ మీరే అఫీషియల్ వెబ్సైట్ నుంచి తీసుకోండి, లేదా నేరుగా పోలీస్ స్టేషన్ కి వెళ్ళండి.	Don't verify by calling a number they gave you. That's their person too. Get the number yourself from the official website, or go straight to the police station.	A scribbled number crossed out; browser opening an official .gov.in page (simulation).	DON'T CALL THEIR NUMBER	
L79	6 Action	సెకండ్. డబ్బు విషయంలో మూడు నో లు. ఏ అకౌంట్ కి డబ్బు పంపొద్దు. ఓ టి పి ఎవరికీ చెప్పొద్దు. వాళ్ళు చెప్పిన యాప్ ఏదీ డౌన్లోడ్ చేయొద్దు, ముఖ్యంగా స్క్రీన్ షేర్, రిమోట్ యాక్సెస్ యాప్స్.	Second. Three no's about money. Don't send money to any account. Don't tell anyone your OTP. Don't download any app they ask you to, especially screen-share or remote-access apps.	Three quick icons in the lower corner, each crossed: transfer, OTP, app download.	STEP 2 · NO MONEY · NO OTP · NO APPS	Three soft clicks
L80	6 Action	థర్డ్. డబ్బు పోతే, ఒక్క నిమిషం కూడా వేస్ట్ చేయకండి.	Third. If money is gone, don't waste a single minute.	Clock second hand in macro.	STEP 3 · REPORT FAST	Ticking, lighter now
L81	6 Action	వెంటనే మీ బ్యాంక్ కి కాల్ చేసి అకౌంట్ బ్లాక్ చేయించండి. వన్ నైన్ త్రీ జీరో కి కాల్ చేయండి. ఇది నేషనల్ సైబర్ క్రైమ్ హెల్ప్లైన్.	Call your bank immediately and get the account blocked. Call one-nine-three-zero, the national cybercrime helpline.	Phone keypad dialling 1930, macro.	CALL 1930	
L82	6 Action	సైబర్ క్రైమ్ డాట్ జీ ఓ వీ డాట్ ఇన్ లో కంప్లైంట్ ఫైల్ చేయండి.	File a complaint at cybercrime dot gov dot in.	Screen recording of the real cybercrime.gov.in home page (no personal data).	cybercrime.gov.in	
L83	6 Action	ఎందుకు ఇంత హడావుడి అంటే, డబ్బు బ్లాక్ చేయాలంటే ఫాస్ట్ గా రియాక్ట్ అవ్వడం ఒక్కటే దారి అని హోమ్ మినిస్ట్రీ అధికారులే చెప్తున్నారు.	Why the rush? Because Home Ministry officials themselves say reacting fast is the only way to block the money.	Animated money-flow network from Act 2, but now nodes freeze one by one as a timer runs.	REACT FAST [MHA OFFICIAL | THEPRINT, FEB 2026]	
L84	6 Action	అలాగే అన్ని ప్రూఫ్స్ దాచిపెట్టండి. కాల్ నంబర్స్, స్క్రీన్ షాట్స్, చాట్స్, ట్రాన్సాక్షన్ ఐ డి లు. ఏదీ డిలీట్ చేయకండి.	And keep all the evidence. Call numbers, screenshots, chats, transaction IDs. Delete nothing.	Screenshots stacking into a folder labelled EVIDENCE (simulation).	KEEP EVIDENCE	
L85	6 Action	డబ్బు ఇంకా పోలేదు, కానీ ఫ్రాడ్ కాల్ వచ్చింది అంటే, సంచార్ సాథీ లో చక్షు ద్వారా ఆ నంబర్ ని రిపోర్ట్ చేయండి.	If no money is lost yet but you got a fraud call, report that number through Chakshu on Sanchar Saathi.	Screen recording of the real Sanchar Saathi Chakshu page.	sancharsaathi.gov.in · CHAKSHU	
L86	7 Family	ఇప్పుడు ఈ వీడియో లో అన్నిటికంటే ముఖ్యమైన విషయం. ఇది ఫ్యామిలీ గురించి.	Now the most important thing in this whole video. It's about family.	Slow, warm shot of a family dining table (stock).		Piano opens up
L87	7 Family	మీ ఇంట్లో ఎవరైనా ఈ స్కామ్ లో పడితే, మనలో చాలామంది ఫస్ట్ రియాక్షన్ ఏంటి... ఇంత చదువుకుని ఎలా నమ్మారు అని.	If someone at home falls for this scam, what's the first reaction for most of us... With all your education, how could you believe it?	A son's frustrated silhouette in a doorway, an elderly father seated, back to camera (stock or reconstruction).	RECONSTRUCTION	
L88	7 Family	దయచేసి ఆ మాట అనకండి. వాళ్ళు అప్పటికే, డబ్బు పోయిందని, పరువు పోయిందని లోపల కుమిలిపోతున్నారు.	Please don't say that. They are already crushed inside, feeling the money and their dignity are both gone.	Close on the father's hands, still.		
L89	7 Family	గుర్తుపెట్టుకోండి. ఒక రిటైర్డ్ జడ్జి నే ట్రాప్ చేశారు. ఇది వాళ్ళ తప్పు కాదు. ఒక ప్రొఫెషనల్ క్రిమినల్ నెట్వర్క్ డిజైన్ చేసిన ట్రాప్ ఇది.	Remember, they trapped a retired judge. It's not their fault. This is a trap designed by a professional criminal network.	Callback: the scam-centre model from Act 2, seen from far above, small and cold.	NOT THEIR FAULT	
L90	7 Family	ముందు వాళ్ళని కూర్చోబెట్టండి. మేమున్నాం అని చెప్పండి. తర్వాత కలిసి వన్ నైన్ త్రీ జీరో కి కాల్ చేయండి. తిట్టడానికి కాదు, కాపాడడానికి మనం ఉన్నాం.	First, sit them down. Tell them we're here for you. Then call 1930 together. We are there to protect, not to scold.	The son sits beside the father, hand on his shoulder; they dial together.		
L91	7 Family	చివరిగా, ఈ రోజే మీ ఇంట్లో ఒక ఫ్యామిలీ రూల్ పెట్టుకోండి.	Finally, set one family rule at home, today.	Family around a phone on the table, morning light.	FAMILY RULE	
L92	7 Family	ఎవరైనా లీగల్ కేస్ అని, అరెస్ట్ అని భయపెట్టి డబ్బు అడిగితే, ఒక్క రూపాయి పంపే ముందు కూడా, ఫ్యామిలీ లో ఒకరితోనో, నమ్మకమైన ఒక మనిషితోనో మాట్లాడాలి. ఎలాంటి పరిస్థితిలో అయినా.	If anyone scares you with a legal case or an arrest and asks for money, then before sending even one rupee, you talk to someone in the family or one trusted person. Whatever the situation.	Kinetic text in the lower third only; family nodding.	STOP · TALK TO FAMILY · THEN DECIDE	
L93	7 Family	ఈ ఒక్క రూల్ చాలు. ఈ స్కామ్ మొత్తం ఐసోలేషన్ మీదే నడుస్తుంది. మీరు ఒంటరిగా లేకపోతే, వాళ్ళు గెలవలేరు.	This one rule is enough. This whole scam runs on isolation. If you're not alone, they can't win.	Callback: the glass box from Stage two shatters fully; light floods in.		Swell
L94	7 Family	ఈ వీడియో ని మీ అమ్మా నాన్నలకి, మీ ఇంట్లో పెద్దవాళ్ళకి షేర్ చేయండి. ఒక్క షేర్, ఒక ఫ్యామిలీ జీవితాంతం దాచుకున్న డబ్బుని కాపాడొచ్చు.	Share this video with your parents and the elders at home. One share could save a family's lifetime of savings.	Phone sharing to a family WhatsApp group (simulation, fictional names).	SHARE WITH ELDERS	
L95	7 Family	జాగ్రత్తగా ఉండండి. ధైర్యంగా ఉండండి. మళ్ళీ కలుద్దాం.	Stay careful. Stay brave. See you again.	End card: CALL 1930 · cybercrime.gov.in · channel logo.	CALL 1930 · cybercrime.gov.in	Piano resolves
