id	section	te	en	visual	onscreen	sound	pacing
V001	1 Cold open	ఫిబ్రవరి ట్వెంటీ థర్డ్, ట్వెంటీ ట్వెంటీ సిక్స్. హైదరాబాద్, నేరేడ్మెట్.	February twenty-third, 2026. Neredmet, Hyderabad.	Black. A single amber lamp fades up on a quiet residential lane at dusk (stock, Hyderabad). Slow push toward one lit window.	23 FEB 2026 · NEREDMET, HYDERABAD	Low sub drone; distant traffic; a dog barks once	Hold 3 s on black before the lamp; let the place breathe
V002	1 Cold open	ఒక ఇంట్లో ఫోన్ మోగుతుంది. అవతలి వైపు గొంతు చాలా సీరియస్ గా ఉంది. నేను సి బి ఐ సీనియర్ ఆఫీసర్ ని, నా పేరు దీపక్ కుమార్.	Inside one house, a phone rings. The voice on the other end is very serious. I am a senior CBI officer, my name is Deepak Kumar.	RECONSTRUCTION: an older man's hands lift a phone from a side table (no face). Caller ID shows only a number.	RECONSTRUCTION	Phone ring, then a hard cut to room tone	Cut on the second ring
V003	1 Cold open	మీ ఆధార్ మీద ఇంకో సిమ్ తీసుకున్నారు. ఆ నంబర్స్ నుంచి ఆడవాళ్ళకి అసభ్యంగా కాల్స్ వెళ్తున్నాయి. బెంగళూరు లో మీ మీద ఎఫ్ ఐ ఆర్ రిజిస్టర్ అయింది.	Another SIM was taken on your Aadhaar. Obscene calls are going to women from those numbers. An FIR has been registered against you in Bengaluru.	Macro: an Aadhaar-style card (generic, fictional) with a SIM card sliding out of it, then duplicating; a fake FIR page slides under a forensic magnifier.	FAKE FIR · ILLUSTRATION	Paper slide; magnifier glass clink	Three beats, one per accusation
V004	1 Cold open	కొద్దిసేపట్లో ఇంకో గొంతు. హ్యూమన్ ట్రాఫికింగ్ కేస్. సుప్రీం కోర్ట్ మీ మీద నాన్ బెయిలబుల్ వారెంట్ ఇష్యూ చేసింది.	Soon, another voice. A human-trafficking case. The Supreme Court has issued a non-bailable warrant against you.	SIMULATION: phone conference UI adds a second caller; a forged warrant with a Supreme Court-style header rises up, red seal lands.	SIMULATION · FORGED WARRANT	Seal stamp hit (−8 dB)	Stamp lands exactly on 'వారెంట్'
V005	1 Cold open	తర్వాత రూల్స్ వస్తాయి. ఇంట్లోంచి బయటకు వెళ్ళకూడదు. ఎవరికీ చెప్పకూడదు, ఫ్యామిలీ కి కూడా. వీడియో కాల్ లో మేము మిమ్మల్ని గమనిస్తూనే ఉంటాం.	Then come the rules. You can't leave the house. You can't tell anyone, not even family. We will keep watching you on video call.	Three hard cuts: door bolt sliding shut; family photo turned face-down; a phone propped against a glass, camera facing an empty chair, red REC dot.	REC ● DAY 1	Each cut a dry click; ticking clock enters	Cut on each rule; REC counter starts
V006	1 Cold open	రోజులు గడుస్తాయి. ఆయన ఇంట్లోనే ఉన్నారు. కానీ నిజానికి ఆయన ఒక జైలు లో ఉన్నారు. గోడలు లేని జైలు.	Days pass. He is at home. But in truth he is in a jail. A jail without walls.	Time-lapse of window light crossing the room over several days (reconstruction); the REC counter ticks DAY 2, DAY 3; the empty chair is now occupied by a silhouette.	REC ● DAY 3 · RECONSTRUCTION	Drone swells slowly	Slow, 4 s shots; let the dread build
V007	1 Cold open	ఫిబ్రవరి ట్వెంటీ ఫిఫ్త్ న ఫస్ట్ ట్రాన్స్ఫర్. తర్వాత ఇంకోటి. ఇంకోటి. మార్చ్ సెకండ్ కల్లా, ఫోర్ ట్రాన్స్ఫర్స్. మొత్తం వన్ క్రోర్ సిక్స్టీ సిక్స్ లాక్స్.	February twenty-fifth, the first transfer. Then another. And another. By March second, four transfers. One crore sixty-six lakh in total.	SIMULATION: four bank-transfer confirmations stack one by one; a large counter climbs to ₹1,66,00,000.	₹1.66 CRORE · 4 TRANSFERS · 25 FEB–2 MAR	One heavy whoosh per transfer, each lower than the last	Accelerate: transfers 1–3 fast, hold on the total
V008	1 Cold open	వెరిఫికేషన్ అయ్యాక మొత్తం వెనక్కి ఇస్తాం అన్నారు. ఆ డబ్బు ఇప్పటికీ రాలేదు.	They said everything would come back after verification. That money never came back.	The counter freezes; the phone screen goes dark; reflection of the silhouette in the black glass.		Music cuts to silence for 1 s	Beat of silence before the reveal
V009	1 Cold open	ఇప్పుడు అసలు విషయం. ఈ ఫోన్ ఎత్తిన మనిషి ఎవరో తెలుసా... ఒక రిటైర్డ్ జిల్లా జడ్జి.	Now the real point. Do you know who picked up this phone... a retired district judge.	Slow tilt up from a gavel on a court desk (stock) to an empty judge's chair under one shaft of light.	RETIRED DISTRICT JUDGE [THE NEWS MINUTE · NEWSMETER | MAR 2026]	Low braam on 'జడ్జి'	The reveal: let the braam ring 2 s
V010	1 Cold open	జీవితమంతా చట్టం గురించే ఆలోచించిన మనిషి. ఆయన్నే ట్రాప్ చేశారంటే... మనలో ఎవరూ సేఫ్ కాదు.	A man who spent his life thinking about the law. If they could trap him... none of us is safe.	Montage of ordinary Hyderabad faces on a metro platform and at a bus stop (stock), each holding a phone; slow motion.		Drone under	Slow motion, 2.5 s per face
V011	1 Cold open	ఇది ఏ సర్వర్ హ్యాక్ కాదు. పాస్వర్డ్ హ్యాక్ కాదు. వాళ్ళు హ్యాక్ చేసింది ఒకటే... మనిషి మెదడు.	This is no server hack. No password hack. They hacked only one thing... the human brain.	Glitch transition: code rain dissolves into an animated 3D brain (HyperFrames, Three.js) floating in the dark.	ILLUSTRATION	Digital glitch, then a deep heartbeat	Glitch on 'హ్యాక్'; heartbeat starts
V012	1 Cold open	సైకాలజిస్ట్ డేనియల్ గోల్మన్ దీనికి ఒక పేరు పెట్టారు. అమిగ్డలా హైజాక్. భయం వచ్చినప్పుడు, మెదడులో భయాన్ని కంట్రోల్ చేసే భాగం, ఆలోచించే భాగాన్ని పక్కకి నెట్టేస్తుంది.	Psychologist Daniel Goleman gave this a name: amygdala hijack. When fear strikes, the fear centre of the brain pushes the thinking part aside.	On the 3D brain, the amygdala glows red and pulses; the frontal lobe dims from cool blue to grey.	AMYGDALA HIJACK [DANIEL GOLEMAN | EMOTIONAL INTELLIGENCE, 1995] · ILLUSTRATION	Heartbeat speeds up	Red glow peaks on 'పక్కకి నెట్టేస్తుంది'
V013	1 Cold open	ఈ వీడియో లో, ఈ సిండికేట్ ని లోపల నుంచి ఓపెన్ చేస్తాను. మీకు కాల్ చేసే గొంతు నుంచి, మీ డబ్బు చివరికి చేరే క్రిప్టో వాలెట్ వరకు. చివర్లో, ఈ స్కామ్ ని ఒక్క సెకండ్ లో పట్టేసే ఒక చట్టం నిజం, మీ ఫ్యామిలీ ని కాపాడే ఒక రూల్ చెప్తాను. లాస్ట్ వరకు చూడండి.	In this video I'll open this syndicate from the inside. From the voice that calls you, to the crypto wallet where your money finally lands. At the end I'll give you one legal truth that catches this scam in a second, and one rule that protects your family. Watch till the end.	Fast preview montage (1 s each): the scam-centre map, a mule-account network, a crypto wallet address blurring, the BNSS book, a family at a table.		Riser into logo	1 s cuts; this is the promise
V014	1 Cold open	నమస్తే అండి, బీ ప్రాక్టికల్ విత్ కిషోర్ కి వెల్కమ్. ఇంకా సబ్స్క్రైబ్ చేయకపోతే, ఇప్పుడే చేసుకోండి.	Hello, welcome to Be Practical with Kishore. If you haven't subscribed yet, do it now.	Logo sting, then channel lower-third (logo bug also at 0:15).	BE PRACTICAL WITH KISHORE	Logo sting	Keep under 6 s
V015	2 Scale and the syndicate	ముందు ఈ స్కామ్ సైజ్ ఏంటో చూద్దాం. ఎందుకంటే ఇది ఒకరిద్దరి కథ కాదు.	First let's look at the size of this scam. Because this isn't the story of one or two people.	Chapter tag lower-left. A dark 3D map of India rises; complaint dots begin to light.	CHAPTER 1 · THE SCALE	Investigation synth pulse begins	Steady 3 s cadence
V016	2 Scale and the syndicate	ట్వెంటీ ట్వెంటీ టూ లో, డిజిటల్ అరెస్ట్ కేసెస్ దాదాపు ఫార్టీ థౌసండ్. పోయిన డబ్బు నైన్టీ వన్ క్రోర్స్.	In 2022 there were nearly forty thousand digital arrest cases. Money lost: ninety-one crore.	Animated bar chart builds year by year on the map's edge.	39,925 CASES · ₹91 CR · 2022 [I4C DATA | THEPRINT, FEB 2026]	Counter ticks	
V017	2 Scale and the syndicate	రెండేళ్ళలో, ట్వెంటీ ట్వెంటీ ఫోర్ కి వచ్చేసరికి, వన్ లాక్ ట్వెంటీ త్రీ థౌసండ్ కి పైగా. అంటే రోజుకి త్రీ హండ్రెడ్ కి పైగా.	Two years later, by 2024, over one lakh twenty-three thousand. That's more than three hundred a day.	The 2024 bar shoots up past the frame; calendar pages flip, each dropping a cluster of dots.	1,23,672 · 2024 · 300+/DAY [I4C | SUPREME COURT, AUG 2026]	Rising tone	
V018	2 Scale and the syndicate	ఆ ఒక్క ఏడాదిలో పోయిన డబ్బు ఎంతో తెలుసా... నైన్టీన్ హండ్రెడ్ ఎయిటీన్ క్రోర్స్.	Do you know how much was lost in that one year... nineteen hundred and eighteen crore.	A rupee counter races; camera pulls out to reveal the bars as a skyline.	₹1,918 CRORE · 2024 [I4C DATA | THEPRINT, FEB 2026]	Low hit	Pause before the number
V019	2 Scale and the syndicate	ట్వెంటీ ట్వెంటీ టూ నుంచి ట్వెంటీ ట్వెంటీ ఫైవ్ వరకు, నాలుగేళ్ళలో, దాదాపు త్రీ థౌసండ్ క్రోర్స్. ఇది బిలియన్స్ లో దోపిడీ.	From 2022 to 2025, in four years, nearly three thousand crore. This is theft in the billions.	The four bars stack into one tower; label flips from crore to billions of rupees.	≈ ₹2,992 CR · 2022–25 [I4C DATA | THEPRINT]		
V020	2 Scale and the syndicate	సరే, ఒక గుడ్ న్యూస్ కూడా ఉందండి. ట్వెంటీ ట్వెంటీ ఫైవ్ లో కంప్లైంట్స్ సగానికి పైగా తగ్గాయి. హోమ్ మినిస్ట్రీ అధికారులు చెప్తున్న కారణం... అవేర్నెస్.	Okay, there's some good news too. In 2025 complaints fell by more than half. The reason Home Ministry officials give... awareness.	2025 bar drops; a phone receives an awareness SMS (simulation).	58,249 · 2025 [I4C STATUS REPORT | SUPREME COURT] · AWARENESS WORKS [MHA OFFICIAL | THEPRINT]		
V021	2 Scale and the syndicate	కానీ ఆట ఇంకా ఆగలేదు. ట్వెంటీ ట్వెంటీ సిక్స్ ఫస్ట్ సిక్స్ మంత్స్ లోనే సిక్స్టీన్ థౌసండ్ కి పైగా కంప్లైంట్స్. సో, ఇప్పుడు అసలు ప్రశ్న. ఇదంతా ఎవరు చేస్తున్నారు.	But the game hasn't stopped. In just the first six months of 2026, over sixteen thousand complaints. So now the real question: who is doing all this?	H1 2026 bar rises; the map tilts and slides east beyond India's border toward Southeast Asia.	16,377 · JAN–JUN 2026 [SUPREME COURT, AUG 2026]	Pulse quickens	Map move begins on 'ఎవరు'
V022	2 Scale and the syndicate	మనం అనుకుంటాం కదా, ఎవరో ఒక్కడు ఫోన్ చేసి మోసం చేస్తున్నాడు అని. కాదండి. ఇది ఒక ఇండస్ట్రీ.	We think, don't we, that it's one guy making phone calls. No. This is an industry.	Chapter tag. 2.5D isometric model of a scam compound: fenced blocks, rows of desks, phones, a guard tower.	CHAPTER 2 · THE SYNDICATE · ILLUSTRATION	Industrial hum	Reveal the model in one slow orbit
V023	2 Scale and the syndicate	ఐ ఫోర్ సి సి ఈ ఓ నే చెప్పారు. మన దేశంలో జరుగుతున్న సైబర్ ఫైనాన్షియల్ ఫ్రాడ్స్ లో దాదాపు ఫార్టీ ఫైవ్ పర్సెంట్, సౌత్ ఈస్ట్ ఏషియా నుంచే వస్తున్నాయి.	The I4C's CEO himself said it: about forty-five percent of the cyber financial frauds in our country come from Southeast Asia.	Map arcs from Cambodia, Myanmar and Laos to India; 45% fills as a ring.	45% FROM SOUTHEAST ASIA [I4C CEO | MAY 2024]		
V024	2 Scale and the syndicate	యునైటెడ్ నేషన్స్ హ్యూమన్ రైట్స్ ఆఫీస్ అంచనా ప్రకారం, ఒక్క మయన్మార్ లోనే కనీసం వన్ లాక్ ట్వెంటీ థౌసండ్ మంది, కంబోడియా లో ఇంకో వన్ లాక్ మంది, ఇలాంటి స్కామ్స్ బలవంతంగా చేస్తూ ఉండొచ్చు.	By the UN Human Rights Office's estimate, at least one lakh twenty thousand people in Myanmar alone, and another one lakh in Cambodia, may be forced to run scams like these.	Satellite-style imagery of a walled compound (Commons/agency imagery if licensed, else illustration); headcount icons fill the walls.	1,20,000 MYANMAR · 1,00,000 CAMBODIA [UN OHCHR | AUG 2023]		
V025	2 Scale and the syndicate	యునైటెడ్ నేషన్స్ డ్రగ్స్ అండ్ క్రైమ్ ఆఫీస్ ప్రకారం, ఇలాంటి స్కామ్ సెంటర్స్ కి ఏడాదికి దాదాపు ఫోర్టీ బిలియన్ డాలర్ల లాభం. అంటే మన రూపాయల్లో, త్రీ లాక్ క్రోర్స్ కి పైగా.	According to the UN Office on Drugs and Crime, scam centres like these make close to forty billion dollars a year. In our rupees, over three lakh crore.	A dollar counter flips to rupees; the compound model's lights all switch on.	~$40 BN/YEAR [UNODC | APR 2025]		
V026	2 Scale and the syndicate	ఇంకో షాకింగ్ విషయం. అక్కడ ఫోన్ లో కూర్చునే వాళ్ళలో మన ఇండియన్స్ కూడా ఉన్నారు. జాబ్ ఇస్తాం అని తీసుకెళ్ళి, ఇరికించిన వాళ్ళు.	One more shocking thing. Among those sitting on the phones there are Indians too. People taken there with promises of a job, and trapped.	Airport departure board (stock), then a dark corridor of the compound model; one desk lights up.		Music thins out	Slow down; this is the human turn
V027	2 Scale and the syndicate	ఒక్క మయన్మార్ స్కామ్ కాంపౌండ్స్ నుంచే, టూ థౌసండ్ ఫోర్ హండ్రెడ్ కి పైగా ఇండియన్స్ ని వెనక్కి తీసుకొచ్చామని, ఇంకా వన్ ఫిఫ్టీ కి పైగా అక్కడే ఇరుక్కుపోయారని, విదేశాంగ శాఖ చెప్పింది.	The External Affairs Ministry said over two thousand four hundred Indians have been brought back from Myanmar's scam compounds alone, and over a hundred and fifty are still trapped there.	Indian Air Force repatriation flight footage (official, credited) or MEA briefing still.	2,411 REPATRIATED · 150+ TRAPPED [MEA | JUNE 2026]		
V028	2 Scale and the syndicate	అంటే మీకు కాల్ చేసే గొంతు, కొన్నిసార్లు ఇంకో బాధితుడిది కూడా కావొచ్చు. యు ఎన్ కూడా వాళ్ళని క్రిమినల్స్ కాదు, విక్టిమ్స్ అనే అంది.	So the voice calling you may sometimes belong to another victim. The UN too called them victims, not criminals.	Close on a headset hanging off an empty chair in the model; slow push.	[UN OHCHR | 2023]		
V029	2 Scale and the syndicate	ఇప్పుడు ఈ ఇండస్ట్రీ ఇండియా లో ఎలా పనిచేస్తుందో చూద్దాం. దీనికి ఆక్సిజన్ ఒకటే. మ్యూల్ అకౌంట్స్.	Now let's see how this industry works inside India. Its oxygen is one thing: mule accounts.	The arc lands back in India and splits into hundreds of thin lines into bank-branch icons.	MULE ACCOUNTS		
V030	2 Scale and the syndicate	మ్యూల్ అకౌంట్ అంటే, మోసం చేసిన డబ్బు తిప్పడానికి వాడే వేరేవాళ్ళ పేర్ల మీద ఉన్న బ్యాంక్ అకౌంట్. లోన్ ఇస్తాం, జాబ్ ఇస్తాం అని చెప్పి, సామాన్యుల పేర్ల మీద ఓపెన్ చేయిస్తారు.	A mule account is a bank account in someone else's name, used to move stolen money. They get ordinary people to open them by promising loans or jobs.	Animated passbook with a stranger's name; a hand slides it across a table in exchange for a few notes (illustration).	ILLUSTRATION		
V031	2 Scale and the syndicate	సి బి ఐ ఆపరేషన్ చక్ర ఫైవ్ లో తేలిన లెక్క చూడండి. సెవెన్ హండ్రెడ్ కి పైగా బ్యాంక్ బ్రాంచెస్ లో, దాదాపు ఎయిట్ లాక్ ఫిఫ్టీ థౌసండ్ మ్యూల్ అకౌంట్స్.	Look at what CBI's Operation Chakra-V found: about eight lakh fifty thousand mule accounts across more than seven hundred bank branches.	The branch icons multiply to fill the map of India.	~8.5 LAKH MULE ACCOUNTS · 700+ BRANCHES [CBI | JUNE 2025]		
V032	2 Scale and the syndicate	ఇప్పుడు ఒక్క కేస్ లో డబ్బు ఎటు వెళ్ళిందో ఫాలో అవుదాం. లుధియానా, వర్ధమాన్ గ్రూప్ చైర్మన్ ఎస్ పి ఓస్వాల్ గారి నుంచి సెవెన్ క్రోర్స్.	Now let's follow the money in one case. Ludhiana: seven crore from S P Oswal, chairman of the Vardhman Group.	Money-trail map begins at Ludhiana (stock establishing shot, then map pin).	₹7 CRORE · SEPT 2024 [BAR & BENCH | ED]	Tick-tick tracking sound	Follow-the-money sequence: one map move per line
V033	2 Scale and the syndicate	ఈ డి చెప్తున్న దాని ప్రకారం, ఆ డబ్బు మ్యూల్ అకౌంట్స్ లోకి వెళ్ళింది. అక్కడ నుంచి క్యాష్ గా డ్రా చేశారు. ఆ క్యాష్ తో క్రిప్టో కొని, విదేశీయులకి చెందిన అకౌంట్స్ కి పంపేశారు.	According to the ED, the money went into mule accounts. From there it was withdrawn as cash. With that cash they bought crypto and sent it to accounts belonging to foreign nationals.	The trail splits into many mule-account nodes, converges into a cash icon, turns into a crypto token, flies off-map.	MULE A/Cs → CASH → CRYPTO → FOREIGN A/Cs [ED | OCT 2026]	Coin chime on the crypto turn	
V034	2 Scale and the syndicate	మ్యూల్ అకౌంట్స్ సప్లై చేసిన వాళ్ళకి కమీషన్ కూడా క్రిప్టో లోనే. ఆ అకౌంట్స్ కంబోడియా, వియత్నాం లో ఉన్న వాళ్ళకి సప్లై చేశారని, నేపాల్ నుంచి ఓ టి పి లు చదివే యాప్ వాడారని ఈ డి ఆరోపిస్తోంది.	Even the commission for supplying mule accounts was paid in crypto. The ED alleges the accounts were supplied to people in Cambodia and Vietnam, and an app was used to read OTPs from Nepal.	Map lines draw to Cambodia, Vietnam and Nepal; an OTP SMS floats up from a phone and travels along the line.	CAMBODIA · VIETNAM · NEPAL · ALLEGATIONS [ED | OCT 2026]		
V035	2 Scale and the syndicate	సో, ఒక్క కాల్ వెనకాల ఎంత పెద్ద నెట్వర్క్ ఉందో అర్థమైంది కదా. కాల్ చేసేవాడు ఒక దేశంలో. అకౌంట్స్ ఇంకో రాష్ట్రంలో. డబ్బు మాత్రం నిమిషాల్లో దేశం దాటిపోతుంది.	So you can see how big a network sits behind one call. The caller in one country. The accounts in another state. And the money leaves the country in minutes.	Full map: all lines lit at once, then pulse outward and vanish off-frame.		Synth resolves	Hold the full map 3 s
V036	3 The judge case, step by step	ఇప్పుడు ఆ జడ్జి గారి కేస్ ని, ఒక్కో స్టెప్ గా ఓపెన్ చేద్దాం. ప్రతి స్టెప్ లో వాళ్ళు మెదడులో ఏ బటన్ నొక్కారో చూడండి.	Now let's open the judge's case step by step. In every step, watch which button they pressed in the brain.	Chapter tag. Return to the Neredmet room (reconstruction), now cold blue; a timeline bar appears across the bottom: 23 FEB → 2 MAR.	CHAPTER 3 · ANATOMY OF A TRAP	Clock ticks resume	
V037	3 The judge case, step by step	స్టెప్ వన్, ట్రిగ్గర్. వాళ్ళు ఎంచుకున్న ఆరోపణ చూడండి. డబ్బు గురించి కాదు. ఆడవాళ్ళకి అసభ్యంగా కాల్స్.	Step one: the trigger. Look at the accusation they chose. Not about money. Obscene calls to women.	Timeline marker on 23 FEB; the word TRIGGER appears in the lower corner.	STEP 1 · TRIGGER · 23 FEB		
V038	3 The judge case, step by step	జీవితమంతా గౌరవంగా బతికిన ఒక పెద్దమనిషి కి, ఇంతకంటే అవమానం ఏముంటుంది. ఫస్ట్ కాల్ లోనే, భయంతో పాటు సిగ్గు కూడా. సిగ్గు ఉన్న చోట, మనిషి ఎవరికీ చెప్పడు.	For a gentleman who lived with dignity all his life, what could be more humiliating? From the very first call, fear plus shame. Where there's shame, a person tells no one.	Close on a framed nameplate and certificates on a wall (stock), slowly going out of focus.			
V039	3 The judge case, step by step	స్టెప్ టూ, అథారిటీ. ముందు సి బి ఐ ఆఫీసర్. తర్వాత సర్కిల్ ఇన్స్పెక్టర్. తర్వాత సుప్రీం కోర్ట్ వారెంట్. ఒక్కో కాల్ కి, అథారిటీ ఒక్కో మెట్టు పైకి.	Step two: authority. First a CBI officer. Then a circle inspector. Then a Supreme Court warrant. With each call, the authority climbs one more step.	Animated staircase of badges/seals (generic, fictional) rising step by step.	STEP 2 · AUTHORITY · ILLUSTRATION	A rising tone per step	One step per title
V040	3 The judge case, step by step	తర్వాత వీడియో కాల్ లో ఒక మహిళ. సీనియర్ సి బి ఐ ఆఫీసర్ అని చెప్పుకుంది. ఆమె వాడిన పేరు, ఒక నిజమైన రిటైర్డ్ ఐ పి ఎస్ ఆఫీసర్ ది. ఆయన ఇంటర్నెట్ లో చెక్ చేసినా, ఆ పేరు నిజంగానే కనిపిస్తుంది.	Then, on a video call, a woman. She claimed to be a senior CBI officer. The name she used belongs to a real retired IPS officer. Even if he checked online, that name would really show up.	SIMULATION: video call with a uniformed woman, face fully blurred; a search-results page (simulation) shows a real-looking officer profile, blurred.	SIMULATION · REAL OFFICER'S NAME MISUSED		
V041	3 The judge case, step by step	స్క్రీన్ మీద ఒక సుప్రీం కోర్ట్ లెటర్ చూపించింది. మనీ లాండరింగ్, హ్యూమన్ ట్రాఫికింగ్, ఐడెంటిటీ థెఫ్ట్. ఒక జడ్జి కి సుప్రీం కోర్ట్ పేరు అంటే, అదే అత్యున్నత అథారిటీ.	She showed a Supreme Court letter on screen. Money laundering, human trafficking, identity theft. For a judge, the Supreme Court's name is the highest authority there is.	Forged letter in macro; three charge words stamp on; the letterhead glows.	FORGED LETTER · RECONSTRUCTION	Three stamp hits	
V042	3 The judge case, step by step	స్టెప్ త్రీ, ఐసోలేషన్. ఎవరికీ చెప్పకూడదు. బయటకు వెళ్ళకూడదు. వీడియో లో నిఘా. ఆయనకి రెండో అభిప్రాయం అడిగే దారే లేకుండా చేశారు.	Step three: isolation. Tell no one. Don't go out. Surveillance on video. They removed every way for him to get a second opinion.	The room seen through a glass box (motif); the walls of the box solidify.	STEP 3 · ISOLATION	Room tone muffles as if under glass	
V043	3 The judge case, step by step	స్టెప్ ఫోర్, ఎక్స్ట్రాక్షన్. ఫైనాన్షియల్ వెరిఫికేషన్ అన్నారు. మీ డబ్బు లీగల్ దో కాదో చెక్ చేయాలి. వెరిఫై అయ్యాక వెనక్కి ఇస్తాం.	Step four: extraction. They called it financial verification. We have to check whether your money is legal. Once verified, we'll return it.	SIMULATION: bank app; a VERIFICATION progress bar that crawls and never completes.	STEP 4 · EXTRACTION · SIMULATION		
V044	3 The judge case, step by step	ఫిబ్రవరి ట్వెంటీ ఫిఫ్త్ నుంచి మార్చ్ సెకండ్ వరకు, ఫోర్ ట్రాన్స్ఫర్స్. రిఫండ్ రాలేదు. వాళ్ళు కాంటాక్ట్ లో లేరు. అప్పుడు అర్థమైంది. మల్కాజ్గిరి సైబర్ క్రైమ్ పోలీసులకు కంప్లైంట్ ఇచ్చారు.	From February twenty-fifth to March second, four transfers. No refund. They went silent. That's when he understood. He complained to the Malkajgiri cyber crime police.	Timeline fills to 2 MAR; four transfer arrows; then an Indian police station exterior in daylight (stock).	25 FEB–2 MAR · ₹1.66 CR · CCS MALKAJGIRI [THE420.IN · TNM | MAR 2026]		
V045	3 The judge case, step by step	ఇప్పుడు మీకు ఒక డౌట్ రావొచ్చు. ఇంత తెలిసిన మనిషి ఎలా నమ్మారు. దీనికి సైన్స్ ఆన్సర్ ఇస్తుంది.	Now you might wonder how someone who knows so much could believe it. Science has the answer.	Back to the 3D brain; camera moves to the front of the brain.		Heartbeat returns, slow	
V046	3 The judge case, step by step	మన మెదడు ముందు భాగం, ప్రీఫ్రంటల్ కార్టెక్స్. లాజిక్, ప్లానింగ్, ఇది కరెక్టా కాదా అని చెక్ చేసేది ఇదే.	The front part of our brain is the prefrontal cortex. Logic, planning, checking whether something is right: that's its job.	The prefrontal cortex lights cool blue with a label.	PREFRONTAL CORTEX · ILLUSTRATION		
V047	3 The judge case, step by step	యేల్ యూనివర్సిటీ న్యూరోసైంటిస్ట్ ఏమీ ఆర్న్స్టెన్ రీసెర్చ్ ప్రకారం, మన కంట్రోల్ లో లేని స్ట్రెస్, అది చిన్నదైనా సరే, ఈ భాగం పనితీరుని చాలా వేగంగా, చాలా బాగా దెబ్బతీస్తుంది.	According to research by Yale neuroscientist Amy Arnsten, stress we can't control, even mild stress, rapidly and dramatically impairs this part of the brain.	The blue fades to grey in waves; a small paper citation card animates in the corner (title only).	[ARNSTEN | NATURE REVIEWS NEUROSCIENCE, 2009] · ILLUSTRATION		
V048	3 The judge case, step by step	ఇప్పుడు ఆలోచించండి. ఒక గంట కాదు, ఒక రోజు కాదు. దాదాపు ఒక వారం, ఆగకుండా భయం. ఆ స్థితిలో చదువు, హోదా, అనుభవం, ఏదీ పనిచేయదు. అది వాళ్ళ బలహీనత కాదు. అది మెదడు బయాలజీ.	Now think. Not one hour, not one day. Nearly a week of fear without a break. In that state, education, status, experience, none of it works. That isn't their weakness. That's the biology of the brain.	The REC counter from the cold open runs DAY 1 → DAY 8 over the grey brain; it cracks at the end.		Heartbeat stops on 'బయాలజీ'	Let the last sentence land in silence
V049	3 The judge case, step by step	ఇంకో విషయం గమనించండి. ఎంత పెద్ద హోదా ఉంటే, పోగొట్టుకునే పరువు అంత పెద్దది. అందుకే వీళ్ళు పెద్దవాళ్ళనే, గౌరవం ఉన్నవాళ్ళనే టార్గెట్ చేస్తారు.	Notice one more thing. The bigger the status, the bigger the reputation to lose. That's why they target elders and respected people.	Montage: a retired couple, a doctor's coat on a hook, a professor's bookshelf (stock).			
V050	4 The four pillars	ఇప్పుడు ఈ సిండికేట్ వాడే పూర్తి సిస్టమ్ చూద్దాం. దీనికి నాలుగు పిల్లర్స్ ఉన్నాయి. ఒక్కటి తెలిసినా, మీరు ట్రాప్ నుంచి బయటపడొచ్చు.	Now let's see the full system this syndicate uses. It stands on four pillars. Know even one, and you can get out of the trap.	Chapter tag. The four pillars rise as columns of the scam-compound model.	CHAPTER 4 · THE FOUR PILLARS	Investigation track	
V051	4 The four pillars	పిల్లర్ వన్. ఫేక్ అథారిటీ. హోమ్ మినిస్ట్రీ నే హెచ్చరించింది. ఈ గ్యాంగ్స్ పోలీస్ స్టేషన్స్, గవర్నమెంట్ ఆఫీసుల లాగా కనిపించే స్టూడియోలు వాడతారు, యూనిఫామ్స్ వేసుకుంటారు.	Pillar one: fake authority. The Home Ministry itself warned: these gangs use studios that look like police stations and government offices, and they wear uniforms.	Pull back from a 'police station' video frame to reveal a cramped studio corner with a printed backdrop and ring light (reconstruction).	PILLAR 1 · FAKE AUTHORITY [MHA / I4C ALERT | MAY 2024]		
V052	4 The four pillars	హర్యానా అంబాలా లో ఒక వృద్ధ దంపతులకి, సుప్రీం కోర్ట్ పేరుతో, ఒక జడ్జి సంతకం ఫోర్జ్ చేసిన ఆర్డర్స్ చూపించారు. వన్ క్రోర్ ఫైవ్ లాక్స్ పోయాయి.	In Ambala, Haryana, an elderly couple was shown orders in the Supreme Court's name with a judge's forged signature. One crore five lakh, gone.	Ambala street (stock); forged signature magnified, ink strokes animate.	₹1.05 CR · AMBALA [SUPREME COURT SUO MOTU | OCT 2025]		
V053	4 The four pillars	ఆ కేస్ చూసి సుప్రీం కోర్ట్ నే ఆశ్చర్యపోయింది. కోర్ట్ పేరుతో ఫేక్ ఆర్డర్స్ అంటే, జనాలకి న్యాయవ్యవస్థ మీద ఉన్న నమ్మకం మీదే దాడి అని, సుమోటో గా కేస్ తీసుకుంది.	Seeing that case, the Supreme Court itself was aghast. Fake orders in the court's name are an attack on people's trust in the justice system, it said, and took up the case on its own.	Supreme Court of India building (Commons), slow push.	SUO MOTU · OCT 2025 [SUPREME COURT OF INDIA]		
V054	4 The four pillars	ఓస్వాల్ గారికి అయితే ఏకంగా స్కైప్ లో ఫేక్ సుప్రీం కోర్ట్ హియరింగ్ నడిపించారు. జడ్జి గా అప్పటి చీఫ్ జస్టిస్ పేరు చెప్పారు. ఫేస్ కనిపించలేదు, కానీ సుత్తి కొట్టే సౌండ్ వినిపించిందని ఆయనే చెప్పారు.	For Mr Oswal they went further and staged a fake Supreme Court hearing on Skype, using the then Chief Justice's name for the judge. He said he couldn't see the face, but heard a gavel banging.	SIMULATION: a video tile labelled JUDGE that stays black, an audio waveform pulsing to gavel hits.	SIMULATION · FAKE COURTROOM [BAR & BENCH | 2024]	Three gavel hits, slightly distant	
V055	4 The four pillars	పిల్లర్ టూ. ఐసోలేషన్. ఇరవై నాలుగు గంటలు కెమెరా ఆన్. ఓస్వాల్ గారికి నిద్రపోయేటప్పుడు కూడా స్కైప్ ఆన్ లో ఉంచమన్నారు.	Pillar two: isolation. Camera on twenty-four hours. Mr Oswal was told to keep Skype on even while he slept.	Bedside phone in darkness, lens facing the bed, REC dot glowing.	PILLAR 2 · ISOLATION · REC ● 47:12:09	Muffled room tone	
V056	4 The four pillars	హైదరాబాద్ లో ఒక సెవెంటీ సిక్స్ ఏళ్ళ రిటైర్డ్ డాక్టర్ ని దాదాపు సెవెంటీ అవర్స్ ఇలాగే డిజిటల్ అరెస్ట్ లో ఉంచారు. తర్వాత ఆమె హార్ట్ అటాక్ తో చనిపోయారు.	In Hyderabad, a seventy-six-year-old retired doctor was held like this in 'digital arrest' for about seventy hours. Later she died of a heart attack.	Respectful: an empty armchair by a window at dawn; no name, no photo of her.	70 HOURS [MEDICAL DIALOGUES | SEPT 2025]	Music almost silent	Slow; no graphics beyond the tag
V057	4 The four pillars	పిల్లర్ త్రీ. టెర్రర్. ఇప్పుడే అరెస్ట్ చేస్తాం. మీ పరువు పోతుంది. మీ కెరీర్ పోతుంది. ఆలోచించడానికి ఒక్క నిమిషం కూడా ఇవ్వరు. ఎందుకంటే ఆలోచిస్తే, వాళ్ళు ఓడిపోతారు.	Pillar three: terror. We'll arrest you right now. Your reputation is gone. Your career is gone. They don't give you a single minute to think. Because if you think, they lose.	Rapid 1-s cuts: handcuffs on a table (stock), a newspaper headline mock-up blurred, a ticking stopwatch.	PILLAR 3 · TERROR	Stopwatch tick, accelerating	1 s cuts, then a hard stop
V058	4 The four pillars	పిల్లర్ ఫోర్. డబ్బు. మీరు ఇన్నోసెంట్ అని ప్రూవ్ చేయాలంటే, డబ్బు ఒక సేఫ్ అకౌంట్ కి పంపాలి అంటారు. ఆర్ బి ఐ అకౌంట్, సీక్రెట్ సూపర్విజన్ అకౌంట్ అని పేర్లు. ఓస్వాల్ గారి కేస్ లో వాడిన పేరు ఇదే.	Pillar four: money. To prove you're innocent, send your money to a safe account, they say. They call it an RBI account, a secret supervision account. That was the name used in Mr Oswal's case.	SIMULATION: transfer screen, payee 'SECRET SUPERVISION A/C', then a red FAKE stamp.	PILLAR 4 · MONEY · SIMULATION		
V059	4 The four pillars	కొంతమందితో ఎఫ్ డి లు కూడా బ్రేక్ చేయిస్తారు. పని అయ్యాక మొత్తం వెనక్కి వస్తుంది అని ప్రామిస్. ఆ ప్రామిస్ ఎప్పుడూ నెరవేరదు.	Some are even made to break their fixed deposits. The promise: everything comes back once it's done. That promise is never kept.	An FD certificate tears in slow motion (illustration).	ILLUSTRATION		
V060	5 The legal shield	సరే. ఇప్పుడు ఈ నాలుగు పిల్లర్స్ ని ఒక్క దెబ్బతో కూల్చేసే నిజం నేను మీకు చెప్తాను.	Okay. Now I'll tell you the truth that knocks down all four pillars in one blow.	Slow push into black; the four pillars of the model stand in silhouette.		VO_PAUSE: 1.5 s total music silence after this line	Hold silence exactly 1.5 s
V061	5 The legal shield	డిజిటల్ అరెస్ట్... అనేది మన చట్టంలో లేనే లేదు.	Digital arrest... simply does not exist in our law.	The words DIGITAL ARREST appear and are stamped through in red; the four pillars crack and fall.	DIGITAL ARREST — NOT IN LAW [BNSS 2023 | MHA / I4C]	Braam / low thud as the stamp lands (−6 dB)	The core reveal
V062	5 The legal shield	వీడియో కాల్ లో ఎవరినీ నిర్బంధించే అధికారం, ఏ చట్టంలోనూ ఎవరికీ లేదు. ప్రధాని మోదీ గారు కూడా మన్ కీ బాత్ లో చెప్పారు. చట్టంలో డిజిటల్ అరెస్ట్ లాంటి సిస్టమ్ ఏదీ లేదు, ఇది ఫ్రాడ్ అని.	No law gives anyone the power to detain a person over a video call. PM Modi said it in Mann Ki Baat too: there's no system like digital arrest in the law, it's a fraud.	Teal palette begins. Short credited excerpt of the Mann Ki Baat broadcast or a radio waveform with caption.	[MANN KI BAAT | 27 OCT 2024]	Music returns, firm and steady	
V063	5 The legal shield	ఐ ఫోర్ సి అడ్వైజరీ లో ఒక లైన్ ఉంది. సి బి ఐ, పోలీస్, కస్టమ్స్, ఈ డి, జడ్జిలు, ఎవరూ వీడియో కాల్ లో అరెస్ట్ చేయరు.	The I4C advisory has one line: the CBI, police, customs, ED, judges, none of them arrest anyone on a video call.	The official I4C advisory graphic (credited), slow push.	NO ARREST ON VIDEO CALL [I4C ADVISORY | OCT 2024]		
V064	5 The legal shield	మరి నిజమైన అరెస్ట్ ఎలా జరుగుతుంది అంటే, మన కొత్త క్రిమినల్ ప్రొసీజర్ చట్టం, బి ఎన్ ఎస్ ఎస్, దాన్ని క్లియర్ గా చెప్తుంది. నాలుగు రూల్స్ గుర్తుపెట్టుకోండి.	So how does a real arrest happen? Our new criminal procedure law, the BNSS, spells it out clearly. Remember four rules.	Chapter tag. Real Indian police station front in daylight (stock); the BNSS gazette title page (typeset).	CHAPTER 5 · THE LEGAL SHIELD · BNSS 2023		
V065	5 The legal shield	ఒకటి. అరెస్ట్ ఫిజికల్ గా జరగాలి. ఆఫీసర్ మిమ్మల్ని నిజంగా టచ్ చేసి గానీ, అదుపులోకి తీసుకుని గానీ అరెస్ట్ చేయాలి, లేదా మీరే వెళ్ళి కస్టడీ కి లొంగిపోవాలి. సెక్షన్ ఫార్టీ త్రీ.	One. An arrest has to be physical. The officer must actually touch or confine you, or you must submit to custody yourself. Section forty-three.	Line-art hand on a shoulder animates over real footage.	1 · PHYSICAL ARREST [BNSS S.43]		
V066	5 The legal shield	రెండు. అరెస్ట్ చేసే ఆఫీసర్ పేరు క్లియర్ గా కనిపించాలి. నేమ్ బ్యాడ్జ్ లాంటి ఐడెంటిఫికేషన్ ఉండాలి. సెక్షన్ థర్టీ సిక్స్.	Two. The arresting officer's name must be clearly visible: identification like a name badge. Section thirty-six.	Macro of a name badge on a uniform (stock).	2 · NAME VISIBLE [BNSS S.36]		
V067	5 The legal shield	మూడు. అక్కడికక్కడే అరెస్ట్ మెమో రాయాలి. దాని మీద మీ ఫ్యామిలీ మెంబర్ గానీ, మీ ఏరియా లో ఒక పెద్దమనిషి గానీ సాక్షి గా సంతకం పెట్టాలి. మీరు కూడా సంతకం పెట్టాలి.	Three. An arrest memo must be written on the spot. A family member or a respected person from your area signs it as a witness. You sign it too.	A paper form being signed in close-up (stock).	3 · ARREST MEMO + WITNESS [BNSS S.36]		
V068	5 The legal shield	నాలుగు. మీ అరెస్ట్ గురించి, మిమ్మల్ని ఎక్కడ ఉంచారో, మీ బంధువులకో ఫ్రెండ్ కో వెంటనే చెప్పాలి. సెక్షన్ ఫార్టీ ఎయిట్. అంతే కాదు, ట్వెంటీ ఫోర్ అవర్స్ లోపల మెజిస్ట్రేట్ ముందుకు తీసుకెళ్ళాలి.	Four. Your relatives or a friend must be told immediately about your arrest and where you're held. Section forty-eight. And within twenty-four hours you must be taken before a magistrate.	A family member answering a phone (stock); a 24-hour dial animates.	4 · FAMILY INFORMED [BNSS S.48] · MAGISTRATE IN 24 H [BNSS S.58]		
V069	5 The legal shield	ఈ రూల్స్ కి పునాది సుప్రీం కోర్ట్ ఇచ్చిన డి కె బసు జడ్జిమెంట్. ఇప్పుడు అవి చట్టంలోనే ఉన్నాయి.	These rules stand on the Supreme Court's D K Basu judgment. Today they're written into the law itself.	Typeset law-report title (not a fake scan).	[D.K. BASU v. STATE OF WEST BENGAL | 1996]		
V070	5 The legal shield	ఇప్పుడు ఒక్క నిమిషం గమనించండి. ఫ్యామిలీ కి చెప్పాలి అని చట్టం చెప్తుంది. ఫ్యామిలీ కి చెప్పొద్దు అని స్కామర్ చెప్తాడు. అక్కడే మీకు క్లియర్ గా తెలిసిపోతుంది.	Now notice this for a minute. The law says your family must be told. The scammer says don't tell your family. That's exactly how you know.	Split screen: LAW (teal) vs SCAMMER (red); the red half shatters like glass.	LAW: TELL FAMILY · SCAM: HIDE FROM FAMILY	Glass shatter hit	Hold the split 1 s before the shatter
V071	5 The legal shield	ఇంకో ముఖ్యమైన విషయం. ఏ పోలీస్ గానీ, ఏ కోర్ట్ గానీ, ఆర్ బి ఐ గానీ, మీరు నిర్దోషి అని ప్రూవ్ చేయడానికి డబ్బు ట్రాన్స్ఫర్ చేయమని అడగరు. డబ్బు అడిగారు అంటే, అది హండ్రెడ్ పర్సెంట్ స్కామ్.	One more important thing. No police, no court, not even the RBI, will ask you to transfer money to prove you're innocent. If they asked for money, it's a hundred percent scam.	The SECRET SUPERVISION transfer screen returns with a big red X.	MONEY DEMAND = SCAM [RBI · I4C ADVISORIES]		
V072	5 The legal shield	నిజానికి ఈ కేస్ లో క్రైమ్ చేసింది వాళ్ళే. జడ్జి గారి కేస్ లో పోలీసులు పెట్టిన సెక్షన్స్ చూడండి. చీటింగ్ బై పర్సనేషన్, ఫోర్జరీ, ఎక్స్టార్షన్.	In truth, the ones committing crimes here are them. Look at the sections police filed in the judge's case: cheating by personation, forgery, extortion.	The FIR section list types out on the teal screen.	BNS 319(2) · 338 · 308(2) · IT ACT 66C, 66D [TNM | MAR 2026]	Typewriter clicks	
V073	6 Golden hour protocol	సరే, ఇప్పుడు అసలు పనికొచ్చే పార్ట్. ఇలాంటి కాల్ వస్తే, మొదటి నిమిషం నుంచి ఏం చేయాలో, స్టెప్ బై స్టెప్ చెప్తాను.	Okay, now the really useful part. If a call like this comes, I'll tell you step by step what to do from the very first minute.	Chapter tag. Warm daylight kitchen; a phone on the counter.	CHAPTER 6 · THE GOLDEN HOUR PROTOCOL	Warm, confident music	
V074	6 Golden hour protocol	ఫస్ట్. కాల్ కట్ చేయండి. వెంటనే. మర్యాద అవసరం లేదు, ఆర్గ్యూ చేయాల్సిన అవసరం లేదు. వాళ్ళ ఆయుధం మీ టైమ్. టైమ్ ఇవ్వకండి.	First. Cut the call. Immediately. No need to be polite, no need to argue. Their weapon is your time. Don't give it.	Thumb presses the red end-call button, macro.	STEP 1 · CUT THE CALL	Click	
V075	6 Golden hour protocol	సెకండ్. ఐసోలేషన్ బ్రేక్ చేయండి. మీ ఇంట్లో ఒకరికి గానీ, ఒక ఫ్రెండ్ కి గానీ వెంటనే చెప్పండి. ఒక్క కాల్ చాలు, ట్రాప్ విరిగిపోతుంది.	Second. Break the isolation. Tell someone at home or a friend right away. One call is enough; the trap breaks.	Glass-box motif cracks as a hand dials a family member.	STEP 2 · BREAK THE ISOLATION	Glass crack	
V076	6 Golden hour protocol	వాళ్ళు ఇచ్చిన నంబర్ కి మళ్ళీ కాల్ చేసి వెరిఫై చేయకండి. అది కూడా వాళ్ళ మనిషే కదా. నంబర్ మీరే అఫీషియల్ వెబ్సైట్ నుంచి తీసుకోండి, లేదా నేరుగా పోలీస్ స్టేషన్ కి వెళ్ళండి.	Don't call back a number they gave you to verify. That's their own person too, right? Get the number yourself from the official website, or walk into the police station.	A scribbled number crossed out; browser opening an official .gov.in page (simulation).	NEVER REDIAL THEIR NUMBER		
V077	6 Golden hour protocol	థర్డ్. మీ డబ్బుకి కవచం. ఏ అకౌంట్ కి డబ్బు పంపొద్దు. ఓ టి పి ఎవరికీ చెప్పొద్దు. వాళ్ళు చెప్పిన యాప్ ఏదీ ఇన్స్టాల్ చేయొద్దు. ఎనీడెస్క్, టీమ్ వ్యూయర్ లాంటి స్క్రీన్ షేర్ యాప్స్, వాట్సాప్ లో వచ్చే ఏ పి కె ఫైల్స్, అస్సలు వద్దు.	Third. A shield for your money. Don't send money to any account. Don't tell anyone your OTP. Don't install any app they tell you to. Screen-share apps like AnyDesk or TeamViewer, APK files that come on WhatsApp: absolutely not.	Three crossed icons in the lower corner: transfer, OTP, app install; an APK file icon shatters.	STEP 3 · NO MONEY · NO OTP · NO APPS [RBI ALERT 1/2019 · NPCI]	Three soft clicks	
V078	6 Golden hour protocol	ఫోర్త్. ఒకవేళ డబ్బు పోతే, ఇక్కడే గోల్డెన్ అవర్. మొదటి గంట. ఈ గంటలో మీరు ఎంత ఫాస్ట్ గా రిపోర్ట్ చేస్తే, డబ్బు ఆపే ఛాన్స్ అంత ఎక్కువ.	Fourth. If money is gone, this is the golden hour: the first hour. The faster you report within it, the better the chance of stopping the money.	A clock face with the first 60 minutes glowing gold; the money-network map returns, nodes still moving.	STEP 4 · THE GOLDEN HOUR [STATE CYBER ADVISORIES]	Clock ticks, brisk	
V079	6 Golden hour protocol	వెంటనే వన్ నైన్ త్రీ జీరో కి కాల్ చేయండి. నేషనల్ సైబర్ క్రైమ్ హెల్ప్లైన్. మీ కంప్లైంట్ బ్యాంకులకు వెళ్తుంది, డబ్బు చేరిన అకౌంట్స్ ని ఫ్రీజ్ చేయమని.	Call one-nine-three-zero immediately, the national cybercrime helpline. Your complaint goes to the banks, asking them to freeze the accounts the money reached.	Keypad dialling 1930, macro; on the map the mule nodes freeze one by one and turn teal.	CALL 1930	Freeze sound on each node	
V080	6 Golden hour protocol	ఈ సిస్టమ్ పేరు సి ఎఫ్ సి ఎఫ్ ఆర్ ఎం ఎస్. ట్వెంటీ ట్వెంటీ సిక్స్ జూన్ వరకు, థర్టీ టూ లాక్స్ కి పైగా కంప్లైంట్స్ లో, ఎలెవెన్ థౌసండ్ క్రోర్స్ కి పైగా డబ్బు ఆపగలిగారు. అంటే, ఫాస్ట్ గా కాల్ చేస్తే, ఇది నిజంగా పనిచేస్తుంది.	This system is called CFCFRMS. Up to June 2026, across over thirty-two lakh complaints, they managed to hold over eleven thousand crore. So if you call fast, it really works.	Counter rises to ₹11,158 CR with the label HELD (NOT ALL REFUNDED).	₹11,158 CR HELD · 32.8 LAKH COMPLAINTS · TO 30 JUN 2026 [MHA | LOK SABHA]		
V081	6 Golden hour protocol	తర్వాత మీ బ్యాంక్ కి కాల్ చేసి అకౌంట్ బ్లాక్ చేయించండి. సైబర్ క్రైమ్ డాట్ జీ ఓ వీ డాట్ ఇన్ లో కంప్లైంట్ ఫైల్ చేయండి.	Then call your bank and get your account blocked. File a complaint at cybercrime dot gov dot in.	Screen recording of the real cybercrime.gov.in home page (no personal data).	cybercrime.gov.in		
V082	6 Golden hour protocol	ఫిఫ్త్. ప్రూఫ్స్ కాపాడండి. స్క్రీన్ షాట్స్ ఎడిట్ చేయకుండా, అలాగే ఉంచండి. కాల్ లాగ్స్, చాట్స్, ట్రాన్సాక్షన్ ఐ డి లు, ఏదీ డిలీట్ చేయకండి. ఇవే రేపు కేస్ కి ఆధారాలు.	Fifth. Protect the evidence. Keep screenshots exactly as they are, unedited. Call logs, chats, transaction IDs: delete nothing. These are tomorrow's evidence for the case.	Screenshots stack into a folder labelled EVIDENCE; a padlock clicks shut (simulation).	STEP 5 · KEEP THE EVIDENCE	Padlock click	
V083	6 Golden hour protocol	డబ్బు ఇంకా పోలేదు, కానీ ఇలాంటి కాల్ వచ్చింది అంటే, సంచార్ సాథీ లో చక్షు ద్వారా ఆ నంబర్ ని రిపోర్ట్ చేయండి. మీ ఒక్క రిపోర్ట్, ఇంకొకరికి వచ్చే కాల్ ని ఆపొచ్చు.	If no money is lost yet but you got a call like this, report that number through Chakshu on Sanchar Saathi. Your one report could stop the next person's call.	Screen recording of the real Sanchar Saathi Chakshu page.	sancharsaathi.gov.in · CHAKSHU		
V084	7 Family and close	ఇప్పుడు ఈ వీడియో లో అన్నిటికంటే ముఖ్యమైన విషయం. ఇది ఫ్యామిలీ గురించి.	Now the most important thing in this whole video. It's about family.	Chapter tag. Warm dinner table, family of three generations (stock).	CHAPTER 7 · THE FAMILY SHIELD	Piano enters	Slow down; warmest moment of the film
V085	7 Family and close	మన ఇంట్లో ఎవరైనా ఈ స్కామ్ లో పడితే, మనలో చాలామంది ఫస్ట్ రియాక్షన్ ఏంటి... ఇంత చదువుకుని ఎలా నమ్మారు అని.	If someone at home falls for this, what's the first reaction for most of us... With all your education, how could you believe it?	A son's frustrated silhouette in a doorway; an elderly father seated, back to camera (reconstruction).	RECONSTRUCTION		
V086	7 Family and close	దయచేసి ఆ మాట అనకండి. ఇందాక చూశాం కదా, భయం మెదడుని ఎలా లాక్ చేస్తుందో. ఒక రిటైర్డ్ జడ్జి నే ట్రాప్ చేశారు. ఇది వాళ్ళ తప్పు కాదు. ఇది ఒక ఇండస్ట్రీ డిజైన్ చేసిన ట్రాప్.	Please don't say that. We just saw how fear locks the brain. They trapped a retired judge. It's not their fault. It's a trap designed by an industry.	Callback: the grey brain glows back to blue; then the scam-compound model from far above, small and cold.	NOT THEIR FAULT		
V087	7 Family and close	వాళ్ళు అప్పటికే, డబ్బు పోయిందని, పరువు పోయిందని లోపల కుమిలిపోతున్నారు. ముందు వాళ్ళని కూర్చోబెట్టండి. మేమున్నాం అని చెప్పండి. తర్వాత కలిసి వన్ నైన్ త్రీ జీరో కి కాల్ చేయండి.	They're already crushed inside, feeling their money and their dignity are gone. First sit them down. Tell them we're here. Then call 1930 together.	The son sits beside the father, hand on his shoulder; they dial together.		Piano swells gently	
V088	7 Family and close	చివరిగా, ఈ రోజే మీ ఇంట్లో ఒక గోల్డెన్ ఫ్యామిలీ రూల్ పెట్టుకోండి.	Finally, set one golden family rule at home, today.	Family around a phone on the table, morning light.	THE GOLDEN FAMILY RULE		
V089	7 Family and close	ఏ లీగల్ బెదిరింపు వచ్చినా, ఒక్క రూపాయి కదిలించే ముందు, ఫ్యామిలీ లో కనీసం ఒక్కరితో మాట్లాడాలి. ఎలాంటి పరిస్థితిలో అయినా.	Whatever legal threat comes, before moving even one rupee, you talk to at least one family member. In any situation.	Kinetic text in the lower third only; the family nods.	NO LEGAL THREAT MOVES A RUPEE WITHOUT FAMILY		
V090	7 Family and close	ఈ ఒక్క రూల్ చాలు. ఎందుకంటే ఈ సిండికేట్ మొత్తం ఒక్క దాని మీదే నడుస్తుంది. మీరు ఒంటరిగా ఉండడం మీద. మీరు ఒంటరిగా లేకపోతే, వాళ్ళు గెలవలేరు.	This one rule is enough. Because this whole syndicate runs on one thing: you being alone. If you're not alone, they can't win.	Callback: the glass box shatters fully; light floods the Neredmet room; the REC dot switches off.		Swell; the REC beep stops	The emotional peak; hold the light 2 s
V091	7 Family and close	వాళ్ళ దగ్గర కాల్ సెంటర్స్ ఉన్నాయి, మ్యూల్ అకౌంట్స్ ఉన్నాయి, క్రిప్టో వాలెట్స్ ఉన్నాయి. మన దగ్గర ఉన్నది ఇంకా పెద్ద ఆయుధం. ఒక్క ఫోన్ కాల్, మనవాళ్ళకి.	They have call centres, mule accounts, crypto wallets. We have a bigger weapon. One phone call, to our own people.	Fast recap: compound, network, wallet, each frozen and fading; then a warm close-up of a phone ringing with 'Amma' on screen (fictional).		Music lifts, empowering	Fast recap then one warm hold
V092	7 Family and close	మీకు గానీ, మీ వాళ్ళకి గానీ ఇలాంటి కాల్ ఎప్పుడైనా వచ్చిందా. కాల్ కట్ చేశారా, లేక భయపడ్డారా. కింద కామెంట్ లో చెప్పండి. మీ ఎక్స్పీరియన్స్ ఇంకొకరిని కాపాడొచ్చు.	Have you or your family ever got a call like this? Did you cut it, or did it scare you? Tell us in the comments. Your experience could save someone else.	Comment box with a blinking cursor (simulation).	COMMENT: DID YOU GET THIS CALL?		
V093	7 Family and close	ఈ వీడియో ని మీ అమ్మా నాన్నలకి, మీ ఇంట్లో పెద్దవాళ్ళకి ఈ రోజే షేర్ చేయండి. ఒక్క షేర్, ఒక ఫ్యామిలీ జీవితాంతం దాచుకున్న డబ్బుని కాపాడొచ్చు.	Share this video with your parents and the elders at home, today. One share could save a family's lifetime of savings.	Phone sharing to a family WhatsApp group (simulation, fictional names).	SHARE WITH ELDERS		
V094	7 Family and close	వీడియో నచ్చితే లైక్ చేసి, ఛానల్ ని సబ్స్క్రైబ్ చేసుకోండి. జాగ్రత్తగా ఉండండి, ధైర్యంగా ఉండండి. మళ్ళీ కలుద్దాం. జై హింద్.	If you liked the video, like it and subscribe. Stay careful, stay brave. See you again. Jai Hind.	End card: CALL 1930 · cybercrime.gov.in · channel logo · next-video slot.	CALL 1930 · cybercrime.gov.in	Piano resolves	End card 20 s
