0.00	6.06	ఈ mystery కి answer విద్యుత్ స్వయంగా reveal చేశారు. అదే పతంజలి యోగ సూత్రాస్.
6.06	12.02	ఈ demonstration లో ఆయన two powerful ancient yogic techniques use చేశారు. 1.
12.02	18.57	త్రాటక. మనం video లో చూసినట్లు ఆయన కళ్ళు red గా మారి కన్నీళ్ళు కారడానికి కారణం ఇదే.
18.57	23.72	త్రాటక అంటే blink చేయకుండా ఒకే point ని continuous గా focus చేయడం.
23.72	29.53	కంటి cornea dry అవ్వకుండా కాపాడటానికి naturally tears వచ్చేంతవరకు ఈ practice చేస్తారు.
29.53	36.11	ఇది మన nervous system ని completely calm చేసి brain ని deep alpha waves లోకి shift చేస్తుంది.
36.11	45.69	2. And most powerful secret, కేవల కుంభక. Normal ప్రాణాయామంలో breath పీల్చి hold చేయడం, లేదా వదిలి hold చేయడం చేస్తారు.
45.69	52.59	కానీ కేవల కుంభకలో mind completely still అయిపోయినప్పుడు శ్వాస దానంతట అదే ఆగిపోతుంది.
52.59	59.55	ఈ state లో human body ఒక hypometabolic state లోకి వెళ్ళిపోతుంది. Heart rate drastically drop అవుతుంది.
59.55	68.53	Blood flow కేవలం brain and heart కి మాత్రమే redirect అవుతుంది. బాడీకి oxygen requirement almost 40–50% పడిపోతుంది.
68.53	76.51	దీంతో పాటు బయటకి కంటికి breath ఆగిపోయినట్లు కనిపించినా, nose through microscopic level లో air exchange జరుగుతూ ఉండొచ్చు.
76.51	81.80	దీన్నే micro-ventilation అంటారు. Indian history లో దీనికి solid proofs ఉన్నాయ్.
81.80	94.06	1837 లో లాహోర్ లో సాధు హరిదాస్ అనే గొప్ప యోగి British doctors ముందే ఒక sealed box లో 40 days పాటు underground సమాధి స్థితిలో ఉండి సజీవంగా బయటికొచ్చారు.
94.06	97.07	మన traditional యోగాకి అంత power ఉంది.
