0.00	5.62	Hello everyone, welcome to Be Practical with Kishore. నార్మల్ గా ఒక మనిషి
5.62	12.28	breath hold చేసి ఎంతసేపు ఉండగలడు? 30 seconds, 1 minute, మహా అయితే 2 minutes.
12.28	21.87	అంతే కదా? 2 minutes దాటితే lungs మండిపోవడం స్టార్ట్ అవుతుంది. 3 minutes దాటితే brain cells కి oxygen అందక, బాడీలో dangerous changes మొదలవుతాయ్.
21.87	27.53	6 minutes దాటితే medical science ప్రకారం brain dead అయిపోయే chances ఉంటాయ్. కానీ,
27.53	32.80	screen మీద కనిపిస్తున్న ఈ live video clip ని ఒక్కసారి చాలా జాగ్రత్తగా చూడండి.
32.80	45.19	రీసెంట్ గా ముంబైలో జరిగిన తన upcoming international Hollywood movie Street Fighter promotion event లో, Indian martial arts star విద్యుత్ జమ్వాల్ stage మీదకి వచ్చి, mic పట్టుకోలేదు, speech ఇవ్వలేదు.
45.19	53.04	ఇలా ఒక statue లా నిలబడిపోయారు. ఈ movie లో ఆయన play చేస్తున్న character, legendary Indian yogic warrior Dhalsim.
53.04	59.15	ఇప్పుడు ఆయన face ని close గా observe చేయండి. కళ్ళు ఎంత red గా మారిపోయాయో కనిపిస్తోందా?
59.15	68.12	Continuous గా open eyes. ఒక్కసారి కూడా blink చేయలేదు. కళ్ళలోంచి tears ధారలా చెంపల మీదుగా ఎలా కారిపోతున్నాయో చూడండి.
68.12	75.71	First 2 minutes అయిపోయాయ్. ఆయన chest లో గానీ stomach లో గానీ చిన్నపాటి movement కూడా లేదు.
75.71	81.72	Breathing అసలు కనిపించట్లేదు. 8 minutes, 10 minutes, 12 minutes.
81.72	87.50	Stage చుట్టూ ఉన్న audience, press reporters ఏం జరుగుతుందో అర్థం కాక blank అయిపోయారు.
87.50	94.72	ఇక exactly 14 minutes దగ్గర ఆయన legs ని చూడండి. కాళ్ళలో, బాడీలో heavy shivering స్టార్ట్ అయింది.
94.72	103.43	ఇక నిలబడలేక collapse అయిపోతారేమో అనుకుంటున్న moment లో, exactly 16 minutes complete అవగానే విద్యుత్ ఆ state నుంచి బయటకి వచ్చి,
103.63	106.32	పక్కనే ఉన్న శంఖాన్ని తీసి గంభీరంగా ఊదారు.
106.96	109.82	The entire hall went pin-drop silent.
110.21	116.01	అసలు అక్కడ ఏం జరిగింది? కళ్ళలోంచి అలా నీళ్ళు ఎందుకొచ్చాయి? కాళ్ళు ఎందుకు వణికాయి?
116.01	119.56	16 minutes breath hold చేయడం humanly possible ఏనా?
120.16	126.04	అసలు breath hold చేసినప్పుడు మన బాడీలో ఏం జరుగుతుందో scientific గా, practical గా చూద్దాం.
126.04	131.88	మనలో చాలామంది అనుకుంటారు, బాడీలో oxygen అయిపోవడం వల్లే మనకు breath తీసుకోవాలనిపిస్తుందని.
131.88	141.21	But scientifically అది తప్పు. మనం శ్వాస ఆపినప్పుడు మన cells produce చేసే carbon dioxide బయటికి పోలేక రక్తం లోపలే ఉండిపోతుంది.
141.21	147.72	దీని వల్ల blood acid లాగా మారిపోతుంది. మన brain లో ఉండే chemoreceptors వెంటనే alert అయిపోయి,
147.72	153.58	"ఇక ఆగడం కుదరదు, వెంటనే breath తీసుకో!" అంటూ diaphragm కి emergency signals పంపిస్తాయ్.
153.58	161.32	దీన్నే science లో hypercapnic response అంటారు. Time గడిచే కొద్దీ diaphragm involuntary spasms కి గురవుతుంది.
161.32	171.78	విద్యుత్ కి last minutes లో legs shiver అవ్వడానికి main reason ఇదే. ఆయన బాడీ లోపల blood లో carbon dioxide extreme level కి చేరుకుందని అది clear గా చూపిస్తోంది.
171.78	180.56	ఇక్కడ official world records చూస్తే మీరే shock అవుతారు. Normal room air breathe చేసి water లో breath hold చేసిన official world record
180.56	187.02	just 11 minutes 35 seconds మాత్రమే. మరి 24 minutes records ఎలా వచ్చాయ్ అనుకుంటున్నారా?
187.02	192.72	వాళ్ళు challenge కి ముందు almost half an hour పాటు pure medical oxygen ని breathe చేస్తారు.
192.72	198.29	కానీ విద్యుత్ జమ్వాల్ ఎక్కడా pure oxygen తీసుకోలేదు, water లో float అవ్వలేదు.
198.29	204.12	Live stage మీద direct గా నిలబడి చేశారు. మరి 16 minutes ఆయన ఎలా survive అయ్యారు?
204.72	210.78	ఈ mystery కి answer విద్యుత్ స్వయంగా reveal చేశారు. అదే పతంజలి యోగ సూత్రాస్.
210.78	216.74	ఈ demonstration లో ఆయన two powerful ancient yogic techniques use చేశారు. 1.
216.74	223.29	త్రాటక. మనం video లో చూసినట్లు ఆయన కళ్ళు red గా మారి కన్నీళ్ళు కారడానికి కారణం ఇదే.
223.29	228.44	త్రాటక అంటే blink చేయకుండా ఒకే point ని continuous గా focus చేయడం.
228.44	234.25	కంటి cornea dry అవ్వకుండా కాపాడటానికి naturally tears వచ్చేంతవరకు ఈ practice చేస్తారు.
234.25	240.83	ఇది మన nervous system ని completely calm చేసి brain ని deep alpha waves లోకి shift చేస్తుంది.
240.83	250.41	2. And most powerful secret, కేవల కుంభక. Normal ప్రాణాయామంలో breath పీల్చి hold చేయడం, లేదా వదిలి hold చేయడం చేస్తారు.
250.41	257.31	కానీ కేవల కుంభకలో mind completely still అయిపోయినప్పుడు శ్వాస దానంతట అదే ఆగిపోతుంది.
257.31	264.27	ఈ state లో human body ఒక hypometabolic state లోకి వెళ్ళిపోతుంది. Heart rate drastically drop అవుతుంది.
264.27	273.25	Blood flow కేవలం brain and heart కి మాత్రమే redirect అవుతుంది. బాడీకి oxygen requirement almost 40–50% పడిపోతుంది.
273.25	281.23	దీంతో పాటు బయటకి కంటికి breath ఆగిపోయినట్లు కనిపించినా, nose through microscopic level లో air exchange జరుగుతూ ఉండొచ్చు.
281.23	286.52	దీన్నే micro-ventilation అంటారు. Indian history లో దీనికి solid proofs ఉన్నాయ్.
286.52	298.78	1837 లో లాహోర్ లో సాధు హరిదాస్ అనే గొప్ప యోగి British doctors ముందే ఒక sealed box లో 40 days పాటు underground సమాధి స్థితిలో ఉండి సజీవంగా బయటికొచ్చారు.
298.78	301.79	మన traditional యోగాకి అంత power ఉంది.
302.39	307.48	కానీ ఇది ఎవరైనా overnight లో చేసేయొచ్చా? Absolutely impossible!
307.48	312.86	ఈ 16 minutes stillness వెనుక 35 years of intense training ఉంది.
312.86	319.30	విద్యుత్ జమ్వాల్ Army family లో పుట్టి, just 3 years age లోనే Kerala లోని ఒక ఆశ్రమంలో చేరారు.
319.30	325.24	World's oldest martial art అయిన కలరిపయట్టుని ఆయన 35 years గా practice చేస్తున్నారు.
325.24	335.47	కలరిపయట్టు అంటే simple గా martial stunts చేయడం కాదు. మన nerves, మర్మ points and breath control ని master చేసే ఒక complete ancient science.
335.47	343.52	విద్యుత్ pure vegetarian. Gym weights కంటే bodyweight calisthenics, animal flow and yoga ని hardcore గా practice చేస్తారు.
343.52	355.02	Movies లో ropes, dupes లేకుండా raw real stunts చేస్తారు. అందుకే Bruce Lee, Jackie Chan లాంటి legends సరసన world top martial artists list లో ఆయన పేరు నిలిచింది.
355.02	360.29	తన upcoming Hollywood movie Street Fighter లో iconic యోగి Dhalsim character కోసమే
360.29	366.31	ఆయన ఈ live demonstration చేసి చూపించారు. 16 minutes silence తర్వాత శంఖం ఊదిన విద్యుత్,
366.31	374.11	నేటి generation కి ఒక brilliant message ఇచ్చారు. ఈ రోజుల్లో world మొత్తం దేనికో ఒకదానికి rush అవుతూ పరిగెడుతూనే ఉంది.
374.11	379.86	Mobile screens, notifications, targets, stress. అందరూ హడావిడిలోనే బతుకుతున్నారు.
380.46	387.20	కానీ real power ఎక్కడుందో తెలుసా? పరిగెత్తడంలో కాదు. ఒక్క second still గా ఆగి ఉండగలగడంలో ఉంది.
387.51	392.63	బయట ఎంత disturbance ఉన్నా నీ అంతరంగాన్ని calm గా నిలుపుకోగలగడమే
392.63	400.62	ultimate superpower. Modern science limits ని challenge చేస్తూ, ప్రాచీన యోగ విజ్ఞానాన్ని prove చేస్తూ, విద్యుత్ జమ్వాల్ చేసిన ఈ demonstration
400.62	405.67	నిజంగా mind-blowing. ఈ 16 minutes video చూశాక మీకేం అనిపించింది?
405.67	411.31	ఇది pure yogic power అంటారా? మీ opinion ని కింద comments లో తప్పకుండా drop చేయండి.
411.31	418.12	ఈ video నచ్చితే like చేసి మీ friends తో share చేయండి. మరిన్ని practical science and exciting breakdowns కోసం
418.12	421.95	మన channel Be Practical with Kishore ని వెంటనే subscribe చేసుకోండి!
