channel	video_id	views	duration_s	title
KowshikMaridi	tKOC-Jlrc90	234000	946.0	Flipkart & Amazon Sales లో ఏమీ కొనకండి! ఎందుకంటే?😱 | How to Find Real Offers | అంత Discount ఉంటుందా?
KowshikMaridi	ikEyiQACJvM	2700000	753.0	5 Big Changes From October 1st - Gas Cylinder Price Hike | UPI MDR Charges | SBI Bank | FD | Kowshik
KowshikMaridi	cTI-ojHmlEU	592000	845.0	No Cost EMI Explained in Telugu - The Truth Behind No Cost EMI | Don't Buy | Scam Exposed | Kowshik
MoneyPurse	Lkk3yhbNBkE	9200	1132.0	Market Crash Trump War Plan | రేపు IT Stocks పరిస్థితి ఏంటి? ఇక్కడ నుంచి Double అవనున్న Pharma Stock
MoneyPurse	P_O5GAmBTOM	647000	1052.0	Zero Efforts తో  Passive Income Idea
MoneyPurse	ge-W1iXWfQs	535000	943.0	NSE IPO Investor's ని ముంచేసింది!
ThinkDeep	kw48eN8X7ac	433	526.0	4 కిలోల బరువుండే ఎగరలేని వింత రామచిలుక! | The Flightless Kakapo Bird
ThinkDeep	P-hQglhBIEo	2200000	971.0	అల్కాట్రాజ్: ప్రపంచంలోనే అతిపెద్ద జైల్ బ్రేక్ | The Impossible Alcatraz Escape
ThinkDeep	Jim1lPVScDI	1500000	1408.0	కలియుగం అంతం ఎలా జరుగుతుంది? | How Kali Yuga Ends- PART 1
Vrrajafacts	w2W-vMSjbe0	139000	992.0	🚨RUSSIA Siberia Lab Leak Incident Explained |2020 Lock Down Repeats |Irkutsk Medical Crisis |VR Raja
Vrrajafacts	sPI12Rxr6Sk	2000000	1097.0	Truth About Leopard Attack In Tirumala  | Top 10 Interesting Facts  | Telugu Facts | VR Facts
Vrrajafacts	XjbSmMdl_d4	1100000	1050.0	Bhavya Sri case నీ అందరు తప్పుగా చెప్తున్నారు  | Top 10 Interesting Facts | Telugu Facts | VR Facts
daytradertelugu	1TPkHPc0Mc8	195000	1925.0	RBI Big Shock, Home Loan EMI Bad News Explained
daytradertelugu	L5Wvt_-4VWY	1300000	1601.0	Not Gold 🟡 This is My Best Investment in 2026
daytradertelugu	FemVwIP9Vqk	1100000	1571.0	ఇక Lands, పొలాలు, ఇల్లు రేట్లు గతంలో లాగా ఎందుకు పెరగవు | Must watch Before Buying Home
nbshowtelugu	cDsM3zCs-no	37000	1038.0	Dark Reality of Villages | అందమైన గ్రామాల వెనుక దాగున్న చేదు నిజాలు! | By Naresh Bukya
nbshowtelugu	MNffEaWs9kE	1300000	942.0	🔥 AP… The Next Japan? | ఏపీ భవిష్యత్తు మారబోతుందా? 🚀 | By Naresh Bukya
nbshowtelugu	ZAgOCewk-IM	884000	1289.0	Middle East War Begins | Is Iran’s Leadership Finished? 😳| ఇరాన్ కథ ముగిసిందా? |  | By Naresh Bukya
