line,picture_start,picture_end,speech_start,speech_end,pause_after,pause_use,en
1,0.000,2.566,0.000,2.196,0.52,"cut on the breath; music bed lifts, whoosh/impact on the cut",Minus twenty degrees of freezing cold...
2,2.566,5.941,2.716,5.468,0.62,"cut on the breath; music bed lifts, whoosh/impact on the cut","A snowstorm all around, a bone-biting wind."
3,5.941,11.587,6.091,11.207,0.53,"cut on the breath; music bed lifts, whoosh/impact on the cut","In weather like that, do you know what happens if a normal person steps out without clothes?"
4,11.587,15.381,11.737,14.915,0.62,"cut on the breath; music bed lifts, whoosh/impact on the cut","In just five to ten minutes, the blood vessels constrict."
5,15.381,20.791,15.531,20.329,0.61,"cut on the breath; music bed lifts, whoosh/impact on the cut","After twenty minutes, body temperature drops dangerously and hypothermia sets in."
6,20.791,26.738,20.941,26.288,0.6,"cut on the breath; music bed lifts, whoosh/impact on the cut","Within half an hour, the heart stops and the body freezes like an ice doll and dies!"
7,26.738,29.947,26.888,29.392,0.71,"cut on the breath; music bed lifts, whoosh/impact on the cut",This is an absolute rule written by medical science!
8,29.947,33.984,30.097,33.708,0.43,"cut on the breath; music bed lifts, whoosh/impact on the cut",But... on that same minus-twenty-degree Himalayan snow...
9,33.984,40.468,34.134,40.095,0.52,"cut on the breath; music bed lifts, whoosh/impact on the cut",what if monks sit for hours with nothing on but a thin cotton cloth?
10,40.468,44.224,40.618,43.930,0.44,"cut on the breath; music bed lifts, whoosh/impact on the cut",And if cloths soaked in ice water are draped over their bodies...
11,44.224,50.220,44.374,49.656,0.71,"cut on the breath; music bed lifts, whoosh/impact on the cut","what if, instead of freezing, those wet cloths steam and dry from their body heat?"
12,50.220,53.821,50.370,53.362,0.61,"cut on the breath; music bed lifts, whoosh/impact on the cut","Hello everyone, welcome to Be Practical With Kishore!"
13,53.821,55.274,53.971,54.936,0.49,"cut on the breath; music bed lifts, whoosh/impact on the cut",This is not just a story...
14,55.274,64.020,55.424,63.532,0.64,"cut on the breath; music bed lifts, whoosh/impact on the cut",It's an absolute reality that world-famous Harvard University medical scientists tested themselves in the hills of Ladakh and showed the world!
15,64.020,67.267,64.170,67.138,0.28,"cut on the breath; music bed lifts, whoosh/impact on the cut","Meanwhile in Europe, a man named Wim Hof..."
16,67.267,71.047,67.417,70.689,0.51,"cut on the breath; music bed lifts, whoosh/impact on the cut","runs through Arctic Circle snow wearing only shorts,"
17,71.047,75.670,71.197,75.380,0.44,"cut on the breath; music bed lifts, whoosh/impact on the cut","sits neck-deep in a box of pure ice cubes for two hours,"
18,75.670,81.917,75.820,81.559,0.51,"cut on the breath; music bed lifts, whoosh/impact on the cut","and even with dangerous bacteria injected into his blood, he neutralises it with his internal heat!"
19,81.917,86.856,82.067,86.534,0.47,"cut on the breath; music bed lifts, whoosh/impact on the cut",How can a fire blaze inside the human body in freezing snow?
20,86.856,90.824,87.006,90.452,0.52,"cut on the breath; music bed lifts, whoosh/impact on the cut",How can human willpower control body temperature?
21,90.824,94.929,90.974,94.698,0.0,end,Let us practically break down the science of fire and ice!
