file,kind,what_it_shows,source_page,file_url,author,licence,licence_url,attribution,edl_slots,notes
audio/amb_monks.mp3,audio,"Field recording: Himalaya, Buddhist monks",https://freesound.org/people/kevp888/sounds/440226/,,kevp888,CC BY 4.0,https://creativecommons.org/licenses/by/4.0/,"'BR_078v2_Himalaya_BuddhistMonks' by kevp888 (Freesound), CC BY 4.0",P2 L1,10 s cut amb_monks_cut.wav
audio/bgm_matio.mp3,audio,'Cinematic Ambient' music bed (6:55),https://freesound.org/people/Matio888/sounds/795808/,,Matio888,CC BY 4.0,https://creativecommons.org/licenses/by/4.0/,"'Cinematic Ambient' by Matio888 (Freesound), CC BY 4.0",whole film,bed via tools/make_bed.py
audio/sfx_blizzard.mp3,audio,Blizzard wind,https://freesound.org/people/craigsmith/sounds/675701/,,craigsmith,CC0 1.0,https://creativecommons.org/publicdomain/zero/1.0/,"craigsmith (Freesound), CC0",P1 L1,
audio/sfx_bowl.mp3,audio,Tibetan singing bowl,https://freesound.org/people/enhuber/sounds/400819/,,enhuber,CC0 1.0,https://creativecommons.org/publicdomain/zero/1.0/,"enhuber (Freesound), CC0",P2 L1,
audio/sfx_bowl_strike.mp3,audio,Singing bowl strike,https://freesound.org/people/inoshirodesign/sounds/271370/,,inoshirodesign,CC0 1.0,https://creativecommons.org/publicdomain/zero/1.0/,"inoshirodesign (Freesound), CC0",P1 L21,
audio/sfx_fire.mp3,audio,Fire crackling,https://freesound.org/people/kingsrow/sounds/181563/,,kingsrow,CC0 1.0,https://creativecommons.org/publicdomain/zero/1.0/,"kingsrow (Freesound), CC0","P1 L19, P3 L15",
audio/sfx_heartbeat.mp3,audio,Heartbeat 60 bpm,https://freesound.org/people/loudernoises/sounds/332821/,,loudernoises,CC0 1.0,https://creativecommons.org/publicdomain/zero/1.0/,"loudernoises (Freesound), CC0",P1 L4,
audio/sfx_howl.mp3,audio,Howling wind,https://freesound.org/people/JSilverSound/sounds/528328/,,JSilverSound,CC0 1.0,https://creativecommons.org/publicdomain/zero/1.0/,"JSilverSound (Freesound), CC0",P1 L8,
audio/sfx_ice_crack.mp3,audio,Ice cracking sequence,https://freesound.org/people/GregorQuendel/sounds/424993/,,GregorQuendel,CC BY 4.0,https://creativecommons.org/licenses/by/4.0/,"'Ice Cracking Sequence' by GregorQuendel (Freesound), CC BY 4.0",P1 L7,
audio/sfx_ice_crack2.mp3,audio,Ice crack,https://freesound.org/people/ecfike/sounds/177217/,,ecfike,CC0 1.0,https://creativecommons.org/publicdomain/zero/1.0/,"ecfike (Freesound), CC0","P1 L6, P2 L12",
audio/sfx_steam.mp3,audio,Steam hiss,https://freesound.org/people/jaimage/sounds/269667/,,jaimage,CC0 1.0,https://creativecommons.org/publicdomain/zero/1.0/,"jaimage (Freesound), CC0","P1 L11, P2 L15",
audio/sfx_whoosh.mp3,audio,Deep whoosh,https://freesound.org/people/Kinoton/sounds/351256/,,Kinoton,CC0 1.0,https://creativecommons.org/publicdomain/zero/1.0/,"Kinoton (Freesound), CC0",P1 L12,
broll/pixabay_1429.mp4,video,,https://pixabay.com/videos/id-1429/,https://cdn.pixabay.com/video/2015/11/28/1429-147170140_medium.mp4,Vimeo-Free-Videos,Pixabay Content License,https://pixabay.com/service/license-summary/,Pixabay / Vimeo-Free-Videos,P2 L1,1280x720
broll/pixabay_175815.mp4,video,,https://pixabay.com/videos/id-175815/,https://cdn.pixabay.com/video/2023/08/13/175815-854238855_large.mp4,vikashkr50,Pixabay Content License,https://pixabay.com/service/license-summary/,Pixabay / vikashkr50,P2 L6,3840x2160
broll/pixabay_175816.mp4,video,,https://pixabay.com/videos/id-175816/,https://cdn.pixabay.com/video/2023/08/13/175816-854238861_large.mp4,vikashkr50,Pixabay Content License,https://pixabay.com/service/license-summary/,Pixabay / vikashkr50,P1 L13-14 P2 L2,3840x2160
broll/pixabay_186391.mp4,video,,https://pixabay.com/videos/id-186391/,https://cdn.pixabay.com/video/2023/10/25/186391-878016815_large.mp4,vikashkr50,Pixabay Content License,https://pixabay.com/service/license-summary/,Pixabay / vikashkr50,P1 L13-14,3840x2160
broll/pixabay_199956.mp4,video,,https://pixabay.com/videos/id-199956/,https://cdn.pixabay.com/video/2024/02/09/199956-911694856_large.mp4,HarshitAggarwal,Pixabay Content License,https://pixabay.com/service/license-summary/,Pixabay / HarshitAggarwal,P1 L8 P3 L25,2560x1440
broll/pixabay_200327.mp4,video,,https://pixabay.com/videos/id-200327/,https://cdn.pixabay.com/video/2024/02/12/200327-912384849_large.mp4,AlexKopeykin,Pixabay Content License,https://pixabay.com/service/license-summary/,Pixabay / AlexKopeykin,P1 L2,3840x2160
broll/pixabay_2344.mp4,video,,https://pixabay.com/videos/id-2344/,https://cdn.pixabay.com/video/2016/02/29/2344-157269946_large.mp4,Life-Of-Vids,Pixabay Content License,https://pixabay.com/service/license-summary/,Pixabay / Life-Of-Vids,P1 L11,1920x1080
broll/pixabay_252819.mp4,video,,https://pixabay.com/videos/id-252819/,https://cdn.pixabay.com/video/2025/01/15/252819_large.mp4,adege,Pixabay Content License,https://pixabay.com/service/license-summary/,Pixabay / adege,P1 L4-7 P2 L12,3840x2160
broll/pixabay_258658.mp4,video,,https://pixabay.com/videos/id-258658/,https://cdn.pixabay.com/video/2025/02/16/258658_large.mp4,TungArt7,Pixabay Content License,https://pixabay.com/service/license-summary/,Pixabay / TungArt7,P1 L8,3840x2160
broll/pixabay_345020.mp4,video,,https://pixabay.com/videos/id-345020/,https://cdn.pixabay.com/video/2026/04/07/345020_large.mp4,Gylfi,Pixabay Content License,https://pixabay.com/service/license-summary/,Pixabay / Gylfi,P1 L1 P1 L21,3840x2160
broll/pixabay_443.mp4,video,,https://pixabay.com/videos/id-443/,https://cdn.pixabay.com/video/2015/08/13/443-136216085_large.mp4,Vimeo-Free-Videos,Pixabay Content License,https://pixabay.com/service/license-summary/,Pixabay / Vimeo-Free-Videos,P2 L3,1920x1080
broll/pixabay_58.mp4,video,,https://pixabay.com/videos/id-58/,https://cdn.pixabay.com/video/2015/08/08/58-135731531_medium.mp4,DistillVideos,Pixabay Content License,https://pixabay.com/service/license-summary/,Pixabay / DistillVideos,P2 L2,1280x720
broll/pixabay_63281.mp4,video,,https://pixabay.com/videos/id-63281/,https://cdn.pixabay.com/video/2021/01/28/63281-505964213_large.mp4,Simon,Pixabay Content License,https://pixabay.com/service/license-summary/,Pixabay / Simon,P1 L2,1920x1080
broll/pixabay_6758.mp4,video,,https://pixabay.com/videos/id-6758/,https://cdn.pixabay.com/video/2016/12/13/6758-195696551_large.mp4,ArturLuczka,Pixabay Content License,https://pixabay.com/service/license-summary/,Pixabay / ArturLuczka,P1 L21 P3 L15,1920x1080
broll/pixabay_7105.mp4,video,,https://pixabay.com/videos/id-7105/,https://cdn.pixabay.com/video/2017/01/07/7105-198553615_large.mp4,Hans,Pixabay Content License,https://pixabay.com/service/license-summary/,Pixabay / Hans,P1 L4-7,1920x1080
broll/pixabay_85063.mp4,video,,https://pixabay.com/videos/id-85063/,https://cdn.pixabay.com/video/2021/08/14/85063-587646860_large.mp4,SquirrelMonkey,Pixabay Content License,https://pixabay.com/service/license-summary/,Pixabay / SquirrelMonkey,P2 L17,1920x1080
broll/pixabay_8625.mp4,video,,https://pixabay.com/videos/id-8625/,https://cdn.pixabay.com/video/2017/04/10/8625-212638612_large.mp4,KlausHausmann,Pixabay Content License,https://pixabay.com/service/license-summary/,Pixabay / KlausHausmann,P1 L19 P3 L9,1920x1080
hf/*.mp4,animation,"Original HyperFrames animation (video/fireice/): thermal figures, cells, mitochondria, map, charts, logo sting, end card",,,Be Practical with Kishore,Own work,,,,no AI generation used
photos/bat_cell.jpg,image,Brown fat cell rich in mitochondria and having lipid droplets scattered throughout.,https://commons.wikimedia.org/wiki/File:Brown_fat_cell.jpg,,https://www.scientificanimations.com/,CC BY-SA 4.0,https://creativecommons.org/licenses/by-sa/4.0,"https://www.scientificanimations.com/ / Wikimedia Commons, CC BY-SA 4.0",P3 L11,1920x1080
photos/bat_petct.jpg,image,FDG PET/CT; brown fat is displayed as the patient was cold during the exam.,https://commons.wikimedia.org/wiki/File:Brownfat_PETCT.jpg,,Hg6996,Public domain,,"Hg6996 / Wikimedia Commons, Public domain",P3 L11,815x813
photos/dharamsala_mystic.jpg,image,Buddhit monk travelling the mountains in Dharamsala,https://commons.wikimedia.org/wiki/File:Dharamsala-mystic-scenery.jpg,,Pradybharadwaj,CC BY-SA 4.0,https://creativecommons.org/licenses/by-sa/4.0,"Pradybharadwaj / Wikimedia Commons, CC BY-SA 4.0",P2 L6,2592x3872
photos/hms_1900s.jpg,image,"Title: Harvard Medical School, Boston, Mass. Description: Harvard Medical School. Located on Longwood Avenue, the Harvard Medical School is composed of five mar","https://commons.wikimedia.org/wiki/File:Harvard_Medical_School,_Boston,_Mass_(64041).jpg",,"Tichnor Bros. Inc., Boston, Mass.",Public domain,,"Tichnor Bros. Inc., Boston, Mass. / Wikimedia Commons, Public domain",P2 L4 P2 L16,3309x2127
photos/hms_gordon.jpg,image,Gordon Hall Harvard Medical School Quadrangle,https://commons.wikimedia.org/wiki/File:Gordon_Hall_Harvard_Medical_School_Quadrangle.jpg,,EgorovaSvetlana,CC BY-SA 4.0,https://creativecommons.org/licenses/by-sa/4.0,"EgorovaSvetlana / Wikimedia Commons, CC BY-SA 4.0",P1 L13-14 P2 L4,4000x3000
photos/milarepa_kailash.jpg,image,,https://commons.wikimedia.org/wiki/File:Anonymous_-_Milarepa_on_Mount_Kailash_-_1995.277_-_Art_Institute_of_Chicago.jpg,,anonymous,Public domain,,"anonymous / Wikimedia Commons, Public domain",P1 L9,2125x3000
photos/monk_path_dharamsala.jpg,image,"Behind the monastery where His Holiness the Dalai Lama lives, it is a pilgrimage path. Every day local people and monks walk on the road, chanting and pray for ","https://commons.wikimedia.org/wiki/File:Buddhist_monk_on_mountain_path,_Dharamsala.jpg",,"Artemas Liu from Taipei, Taiwan",CC BY 2.0,https://creativecommons.org/licenses/by/2.0,"Artemas Liu from Taipei, Taiwan / Wikimedia Commons, CC BY 2.0",P2 L3,4200x2800
photos/tummo_naropa_crop.jpg,image,Los seis yogas de Naropa. El yogui Tanumânasî practicando Tumo (Tummo) yoga tibetano del calor psiquico.,https://commons.wikimedia.org/wiki/File:Tanumanasi_Los_seis_yogas_de_Naropa_Tumo_Tummo.JPG,,Tanumanasi,CC BY-SA 3.0,http://creativecommons.org/licenses/by-sa/3.0/,"Tanumanasi / Wikimedia Commons, CC BY-SA 3.0",P1 L9 P2 L9,1280x720 crop of tummo_naropa.jpg
photos/tummo_practice.jpg,image,"Illustration of the yogic practice of Tummo from an ancient Tibetan edition, X-XII centuries AD, probably of the sage Milarepa",https://commons.wikimedia.org/wiki/File:Практика_туммо.jpg,,Тібетські йоги (X-XII ст.н.е.),Public domain,,"Тібетські йоги (X-XII ст.н.е.) / Wikimedia Commons, Public domain",P2 L1 P2 L17 P3 L23,2232x2993
photos/wimhof_2eight.jpg,image,"Live on tape,NDR Talk Show,Wim Hof",https://commons.wikimedia.org/wiki/File:2019_Wim_Hof_-_by_2eight_-_DSC6933.jpg,,Stefan Brending (2eight),CC BY-SA 3.0 de,https://creativecommons.org/licenses/by-sa/3.0/de/deed.en,"Stefan Brending (2eight) / Wikimedia Commons, CC BY-SA 3.0 de",P3 L2,2048x2048
photos/wimhof_portrait.jpg,image,"Demonstration 'Iceman' Wim Hof, March 24, 2007, Rotterdam. About Wim Hof... 'The Iceman'. Wim can actually regulate his core heat to control the temperature of ",https://commons.wikimedia.org/wiki/File:Wim_Hof.jpg,,"Aad Villerius (www.flickr.com/photos/daaynos ) from OudBeijerland, Netherlands.",CC BY-SA 2.0,https://creativecommons.org/licenses/by-sa/2.0,"Aad Villerius (www.flickr.com/photos/daaynos ) from OudBeijerland, Netherlands. / Wikimedia Commons, CC BY-SA 2.0",P1 L17 P3 L3,993x1024
raw/dm_x4ly2a2.mp4,video,"VICE documentary 'The Superhuman World of the Iceman' (2016): Wim Hof under ice, in an icy canal, the 2012 Radboud endotoxin test (IV, EEG, hospital ward), Prof. Peter Pickkers, archive of Hof running barefoot in snow and meditating; host Matt Shea shirtless in snow",https://www.dailymotion.com/video/x4ly2a2,,VICE,Uploader's copyright (VICE official Dailymotion channel): short credited excerpts for commentary; owner to confirm,,VICE · The Superhuman World of the Iceman (2016),P1 L3 P1 L16 P1 L18 P1 L20 P2 L14 P3 L1 P3 L4 P3 L5 P3 L6-8 P3 L10 P3 L23,"288p; contains archive footage credited by VICE to Dutch Institute for Sound and Vision, EenVandaag, Henny Bodgert"
raw/dm_x7zlb64.mp4,video,"DW Euromaxx 'Eiskaltes Vergnügen: Winterbaden mit Wim Hof' (2021): Hof in an ice barrel, running in snow, ice-cube column, lying breathing exercise, hospital endotoxin test, meditating on an ice floe, walking into an icy lagoon",https://www.dailymotion.com/video/x7zlb64,,Deutsche Welle (DW); clips watermarked wimhofmethod.com,Uploader's copyright (DW official channel): short credited excerpts for commentary; owner to confirm,,DW Euromaxx (2021); footage: Wim Hof Method,P1 L15 P1 L16 P1 L17 P1 L18 P1 L19 P3 L1 P3 L3 P3 L6-8 P3 L23 P3 L24,288p
video/fireice/benson_map/map.js,data,World land outlines (no political borders),https://github.com/topojson/world-atlas,,Natural Earth / Mike Bostock (world-atlas 2.0.2),Public domain (Natural Earth); package ISC,https://www.naturalearthdata.com/about/terms-of-use/,Made with Natural Earth,P2 L5,
