te	en
ఈ మిస్టరీ వెనుక ఉన్న ప్రాచీన రహస్యం పేరు... Tummo, లేదా ఇన్నర్ ఫైర్ మెడిటేషన్.	The ancient secret behind this mystery is called... Tummo, or inner fire meditation.
టిబెటన్ బౌద్ధ సంప్రదాయంలో వేల ఏళ్లుగా వస్తున్న ఈ సాధనను చండాలి యోగం అని కూడా పిలుస్తారు.	Handed down for thousands of years in the Tibetan Buddhist tradition, this practice is also called Chandali yoga.
ఈ సాధన చేసే లామాలు మైనస్ డిగ్రీల చలిలో పర్వతాల గుహల్లో కేవలం పలుచని బట్టతో జీవిస్తారు.	Lamas who practise it live in mountain caves in sub-zero cold, wearing only thin cloth.
ఈ విషయం తెలుసుకున్న Harvard Medical School కు చెందిన ప్రముఖ ప్రొఫెసర్ Dr. Herbert Benson...	Hearing of this, a leading professor at Harvard Medical School, Dr. Herbert Benson...
nineteen eighty-two లో తన రీసెర్చ్ టీమ్ తో కలిసి స్వయంగా హిమాలయాలకు వెళ్లారు.	went to the Himalayas himself with his research team in 1982.
సైంటిస్టుల ఆలోచన ఒక్కటే... ఇది నిజంగా బయోలాజికల్ ఫ్యాక్టా లేక ఏదైనా ట్రిక్ ప్లే చేస్తున్నారా?	The scientists had one question... is this a real biological fact, or are they playing some trick?
ఆ సాధువుల చేతి వేళ్లకు, కాళ్లకు, ఛాతీకి అత్యంత సెన్సిటివ్ డిజిటల్ థర్మామీటర్లను ఫిక్స్ చేశారు.	They fixed highly sensitive digital thermometers to the monks' fingers, toes and chests.
సాధారణంగా తీవ్రమైన చలిలో చేతి వేళ్ల ఉష్ణోగ్రత పడిపోతుంది.	Normally, in severe cold, finger temperature drops.
కానీ ఆ సాధువులు Tummo ధ్యానం స్టార్ట్ చేయగానే... Doctors కళ్ల ముందే ఒక అద్భుతం జరిగింది!	But as soon as the monks began Tummo meditation... a wonder happened before the doctors' eyes!
ఆ సాధువుల వేళ్ల ఉష్ణోగ్రత క్రమంగా పెరుగుతూ... ఏకంగా eight to seventeen degrees Fahrenheit పెరిగింది!	The temperature of the monks' fingers rose steadily... by a full eight to seventeen degrees Fahrenheit!
గడ్డకట్టే చలిలో కూడా వాళ్ళ శరీరం లోపల సెంట్రల్ హీటింగ్ సిస్టమ్ లాంటి వేడి జనరేట్ అవుతోంది!	Even in freezing cold, heat like a central heating system was being generated inside their bodies!
సైంటిస్టులు నమ్మలేక మరింత ఎక్స్ట్రీమ్ టెస్ట్ చేశారు.	Unable to believe it, the scientists ran a more extreme test.
ఐస్ వాటర్ లో ముంచిన తడి బట్టలను వాళ్ళ భుజాల మీద వేశారు.	They put wet cloths dipped in ice water on their shoulders.
నార్మల్ మనిషి అయితే ఆ చలికి షాక్ లోకి వెళ్లిపోతాడు.	A normal person would go into shock from that cold.
కానీ forty-five minutes లో... ఆ సాధువుల శరీరం నుంచి పొగలు వస్తూ, ఆ తడి బట్టలు పూర్తిగా ఆరిపోయాయి!	But within forty-five minutes... steam rose from the monks' bodies and the wet cloths dried completely!
Harvard డాక్టర్లు తమ రీసెర్చ్ పేపర్స్ లో రాశారు:	The Harvard doctors wrote in their research papers:
human autonomic nervous system ని మనిషి మైండ్ పవర్ తో స్వయంగా కంట్రోల్ చేయగలడు అనడానికి ఇది తిరుగులేని నిదర్శనం!	this is undeniable proof that a person can control the human autonomic nervous system with the power of the mind!
