asset_id,file_name,url,owner,licence,downloaded,edl_slots,notes
,abstinence_1669.jpg,https://wellcomecollection.org/works/xgm232vh,Wellcome Collection,pdm,2026-10-07,,
,aj_cctv.mp4,https://www.dailymotion.com/video/x185tat,Al Jazeera English (2010),COPYRIGHTED news footage: short credited excerpt (fair use); licence before monetising,2026-10-07,,"via Dailymotion re-upload, 2010 report"
,aj_cctv2.mp4,https://www.dailymotion.com/video/x185tat,Al Jazeera English (2010),COPYRIGHTED news footage: short credited excerpt (fair use); licence before monetising,2026-10-07,,"via Dailymotion re-upload, 2010 report"
,aj_full.mp4,https://www.dailymotion.com/video/x185tat,Al Jazeera English (2010),COPYRIGHTED news footage: short credited excerpt (fair use); licence before monetising,2026-10-07,,"via Dailymotion re-upload, 2010 report"
,aj_ilavazhagan.mp4,https://www.dailymotion.com/video/x185tat,Al Jazeera English (2010),COPYRIGHTED news footage: short credited excerpt (fair use); licence before monetising,2026-10-07,,"via Dailymotion re-upload, 2010 report"
,aj_jani_close.mp4,https://www.dailymotion.com/video/x185tat,Al Jazeera English (2010),COPYRIGHTED news footage: short credited excerpt (fair use); licence before monetising,2026-10-07,,"via Dailymotion re-upload, 2010 report"
,aj_press_wide.mp4,https://www.dailymotion.com/video/x185tat,Al Jazeera English (2010),COPYRIGHTED news footage: short credited excerpt (fair use); licence before monetising,2026-10-07,,"via Dailymotion re-upload, 2010 report"
,aj_room.mp4,https://www.dailymotion.com/video/x185tat,Al Jazeera English (2010),COPYRIGHTED news footage: short credited excerpt (fair use); licence before monetising,2026-10-07,,"via Dailymotion re-upload, 2010 report"
,aj_room_wide.mp4,https://www.dailymotion.com/video/x185tat,Al Jazeera English (2010),COPYRIGHTED news footage: short credited excerpt (fair use); licence before monetising,2026-10-07,,"via Dailymotion re-upload, 2010 report"
,aj_shah.mp4,https://www.dailymotion.com/video/x185tat,Al Jazeera English (2010),COPYRIGHTED news footage: short credited excerpt (fair use); licence before monetising,2026-10-07,,"via Dailymotion re-upload, 2010 report"
,ambaji_gabbar.jpg,https://www.flickr.com/photos/gujarattouristguide/8290995138,Gujarat Tourist Guide,CC BY 2.0,2026-10-07,,
,astronaut_iss.mp4,https://images.nasa.gov/details/Step_Inside_the_Station-4K-Clean,NASA,Public domain (NASA),2026-10-07,,
,astronaut_iss2.mp4,https://images.nasa.gov/details/Step_Inside_the_Station-4K-Clean,NASA,Public domain (NASA),2026-10-07,,
,bgm_dark.mp3,https://freesound.org/s/415891/,strathamer (Freesound),CC0 1.0,2026-10-07,,
,bladder_anatomy.jpg,https://wellcomecollection.org/works/ah2we9js,Wellcome Collection,pdm,2026-10-07,,
,blood_sample.mp4,https://coverr.co/videos/coverr-patient-donating-blood-1467,Coverr,"Coverr License (free for commercial use, no attribution required)",2026-10-07,,
,cracked_earth.jpg,https://www.flickr.com/photos/ciat/4459581071,CIAT,CC BY-SA 2.0,2026-10-07,,
,desert_soldiers.mp4,https://coverr.co/videos/coverr-a-desert-in-california-9576,Coverr,"Coverr License (free for commercial use, no attribution required)",2026-10-07,,
,doctor_scrub.mp4,https://coverr.co/videos/coverr-doctor-in-a-surgery-3600,Coverr,"Coverr License (free for commercial use, no attribution required)",2026-10-07,,
,drdo_lab.mp4,https://coverr.co/videos/coverr-doctor-wearing-mask-2797,Coverr,"Coverr License (free for commercial use, no attribution required)",2026-10-07,,
,dried_leaf.mp4,https://coverr.co/videos/coverr-dried-leaf-2618,Coverr,"Coverr License (free for commercial use, no attribution required)",2026-10-07,,
,earth_desert_orbit.mp4,https://images.nasa.gov/details/Earth%20Views%20from%20the%20International%20Space%20Station,NASA,Public domain (NASA),2026-10-07,,
,earth_india.mp4,https://images.nasa.gov/details/Earth%20Views%20from%20the%20International%20Space%20Station,NASA,Public domain (NASA),2026-10-07,,
,earth_orbit2.mp4,https://images.nasa.gov/details/Earth%20Views%20from%20the%20International%20Space%20Station,NASA,Public domain (NASA),2026-10-07,,
,earth_sunrise.mp4,https://images.nasa.gov/details/Earth%20Views%20from%20the%20International%20Space%20Station,NASA,Public domain (NASA),2026-10-07,,
,earth_window.mp4,https://images.nasa.gov/details/Step_Inside_the_Station-4K-Clean,NASA,Public domain (NASA),2026-10-07,,
,ecg_photo.jpg,https://www.flickr.com/photos/hendry/7301122070,Kai Hendry,CC BY 2.0,2026-10-07,,
,headline_edamaruku.jpg,https://www.sanaledamaruku.com/post/india-s-man-who-lives-on-sunshine,Rationalist International,"Screenshot of article (fair-use quotation, credited)",2026-10-07,,headline crop
,headline_wikipedia.jpg,https://en.wikipedia.org/wiki/Prahlad_Jani,Wikipedia contributors,CC BY-SA 4.0 (text),2026-10-07,,screenshot of article lead
,himalaya_leh.jpg,https://www.flickr.com/photos/priyamn/15185682179,priyam.n,CC BY 2.0,2026-10-07,,
,hospital_corridor.mp4,https://coverr.co/videos/coverr-walking-down-a-hallway-7053,Coverr,"Coverr License (free for commercial use, no attribution required)",2026-10-07,,
,hospital_entrance.mp4,https://coverr.co/videos/coverr-hospital-entrance-in-buenos-aires-8579,Coverr,"Coverr License (free for commercial use, no attribution required)",2026-10-07,,
,icu_room.jpg,https://www.flickr.com/photos/quinnanya/5645540917,quinn.anya,CC BY-SA 2.0,2026-10-07,,
,incense.mp4,https://coverr.co/videos/coverr-incense-near-flowers-712,Coverr,"Coverr License (free for commercial use, no attribution required)",2026-10-07,,
,india_drive.mp4,https://coverr.co/videos/coverr-inside-of-a-car-driving-in-india-1526,Coverr,"Coverr License (free for commercial use, no attribution required)",2026-10-07,,
,indian_army.jpg,https://www.rawpixel.com,U.S. Air Force (via rawpixel),CC0 1.0 / Public domain,2026-10-07,,
,isolation_door.mp4,https://coverr.co/videos/coverr-mysterious-doorway-at-night,Coverr,"Coverr License (free for commercial use, no attribution required)",2026-10-07,,
,itn_cctv.mp4,https://www.dailymotion.com/video/xdfqcq,ITN (2010),COPYRIGHTED news footage: short credited excerpt (fair use); licence before monetising,2026-10-07,,"via Dailymotion re-upload, 2010 report"
,itn_devotees.mp4,https://www.dailymotion.com/video/xdfqcq,ITN (2010),COPYRIGHTED news footage: short credited excerpt (fair use); licence before monetising,2026-10-07,,"via Dailymotion re-upload, 2010 report"
,itn_full.mp4,https://www.dailymotion.com/video/xdfqcq,ITN (2010),COPYRIGHTED news footage: short credited excerpt (fair use); licence before monetising,2026-10-07,,"via Dailymotion re-upload, 2010 report"
,itn_hospital_bed.mp4,https://www.dailymotion.com/video/xdfqcq,ITN (2010),COPYRIGHTED news footage: short credited excerpt (fair use); licence before monetising,2026-10-07,,"via Dailymotion re-upload, 2010 report"
,itn_jani_close.mp4,https://www.dailymotion.com/video/xdfqcq,ITN (2010),COPYRIGHTED news footage: short credited excerpt (fair use); licence before monetising,2026-10-07,,"via Dailymotion re-upload, 2010 report"
,itn_jani_close2.mp4,https://www.dailymotion.com/video/xdfqcq,ITN (2010),COPYRIGHTED news footage: short credited excerpt (fair use); licence before monetising,2026-10-07,,"via Dailymotion re-upload, 2010 report"
,iv_room.mp4,https://coverr.co/videos/coverr-iv-in-hospital-room-5485,Coverr,"Coverr License (free for commercial use, no attribution required)",2026-10-07,,
,jani_ashram_ambaji.jpg,https://www.flickr.com/photos/emmanueldyan/4589578048,Emmanuel Dyan,CC BY 2.0,2026-10-07,,
,jani_portrait_red.jpg,https://www.sanaledamaruku.com/post/india-s-man-who-lives-on-sunshine,"Unknown press photographer, as published by Rationalist International (sanaledamaruku.com), 28 May 2020",COPYRIGHTED: quoted under fair use; licence before monetising,2026-10-07,,screenshot of article image
,kidney_anatomy.jpg,https://wellcomecollection.org/works/ngavyjxq,Wellcome Collection,pdm,2026-10-07,,
,lab_cellplate.mp4,https://images.nasa.gov/details/KSC-20201202-MH-GEB01-0001-CRS_21_Broll_Brain_Organoids_Bacterial_Adhesion_and_Corrosion_Micro_14-3264276,NASA,Public domain (NASA),2026-10-07,,
,lab_hood.mp4,https://images.nasa.gov/details/KSC-20201202-MH-GEB01-0001-CRS_21_Broll_Brain_Organoids_Bacterial_Adhesion_and_Corrosion_Micro_14-3264276,NASA,Public domain (NASA),2026-10-07,,
,lab_microscope.mp4,https://images.nasa.gov/details/KSC-20201202-MH-GEB01-0001-CRS_21_Broll_Brain_Organoids_Bacterial_Adhesion_and_Corrosion_Micro_14-3264276,NASA,Public domain (NASA),2026-10-07,,
,lab_pipette.mp4,https://images.nasa.gov/details/KSC-20201202-MH-GEB01-0001-CRS_21_Broll_Brain_Organoids_Bacterial_Adhesion_and_Corrosion_Micro_14-3264276,NASA,Public domain (NASA),2026-10-07,,
,lab_scientist.mp4,https://images.nasa.gov/details/KSC-20201202-MH-GEB01-0001-CRS_21_Broll_Brain_Organoids_Bacterial_Adhesion_and_Corrosion_Micro_14-3264276,NASA,Public domain (NASA),2026-10-07,,
,lab_tubes.mp4,https://images.nasa.gov/details/KSC-20201202-MH-GEB01-0001-CRS_21_Broll_Brain_Organoids_Bacterial_Adhesion_and_Corrosion_Micro_14-3264276,NASA,Public domain (NASA),2026-10-07,,
,pulse_oximeter.mp4,https://coverr.co/videos/coverr-checking-blood-pressure-6184,Coverr,"Coverr License (free for commercial use, no attribution required)",2026-10-07,,
,scale_weight.jpg,https://www.flickr.com/photos/smemon/12697183865,Sean MacEntee,CC BY 2.0,2026-10-07,,
,sfx_bass_hit.wav,https://freesound.org/s/535592/,XHALE303 (Freesound),CC0 1.0,2026-10-07,,
,sfx_clock.wav,https://freesound.org/s/380782/,BonnyOrbit (Freesound),CC0 1.0,2026-10-07,,
,sfx_door_latch.wav,https://freesound.org/s/217796/,kd_jack (Freesound),CC0 1.0,2026-10-07,,
,sfx_flatline.wav,https://freesound.org/s/63832/,Benboncan (Freesound),CC BY 4.0,2026-10-07,,86-94 s: last beeps into flatline
,sfx_heartbeat_monitor.wav,https://freesound.org/s/137698/,dansotak (Freesound),CC0 1.0,2026-10-07,,
,sfx_whoosh.wav,https://freesound.org/s/351256/,Kinoton (Freesound),CC0 1.0,2026-10-07,,
,siachen_soldiers.jpg,https://www.flickr.com/photos/dvids/5143792992,DVIDSHUB,CC BY 2.0,2026-10-07,,
,skeptic_view.mp4,https://archive.org/details/youtube-l0u6eJB9GLY,James Randi Educational Foundation (JREF),CC BY 3.0,2026-10-07,,"James Randi Speaks: Powered by Sunlight, recorded 11 May 2010"
,sonogram_scan.jpg,https://www.flickr.com/photos/mrthinktank/4111378381,Mr Thinktank (Flickr),CC BY 2.0,2026-10-07,,
,sterling_hospital_ext.jpg,https://www.flickr.com/photos/emmanueldyan/5933880860,Emmanuel Dyan,CC BY 2.0,2026-10-07,,
,tanner_fast_end.jpg,https://wellcomecollection.org/works/k6xrjzgp,Wellcome Collection,pdm,2026-10-07,,
,tanner_fast_start.jpg,https://wellcomecollection.org/works/rzmy4c4t,Wellcome Collection,pdm,2026-10-07,,
,tv_flicker.mp4,https://coverr.co/videos/coverr-tv-flickering-4504,Coverr,"Coverr License (free for commercial use, no attribution required)",2026-10-07,,
,ultrasound_scan2.jpg,https://images.nasa.gov/details/iss038e007119,NASA,Public domain (NASA),2026-10-07,,
,ultrasound_screen.jpg,https://images.nasa.gov/details/iss034e010836,NASA,Public domain (NASA),2026-10-07,,
,water_drop_macro.mp4,https://coverr.co/videos/coverr-raindrops-on-the-window-7102,Coverr,"Coverr License (free for commercial use, no attribution required)",2026-10-07,,
,water_tap_close.mp4,https://coverr.co/videos/coverr-pouring-water-4814,Coverr,"Coverr License (free for commercial use, no attribution required)",2026-10-07,,
,yogi_gouache.jpg,https://wellcomecollection.org/works/ggyemfjm,Wellcome Collection,pdm,2026-10-07,,
