# ASR window start, end, corrected phrases ("|" = subtitle cut). Source for transcript.te.tsv via tools/align_phrases.py
0.00	2.92	ఒక మనిషి నీరు తాగకుండా ఎన్ని రోజులు బ్రతకగలడు?
2.94	6.26	3 days? Extreme cases లో 4 days?
6.58	14.84	అంతకంటే ఒక్క రోజు ఎక్కువైనా బాడీలోని kidneys fail అయిపోతాయ్. | Blood లో toxic waste పెరిగిపోయి human body collapse అయిపోతుంది.
14.99	17.85	ఇది medical science రాసిన absolute rule.
17.99	23.67	కానీ ఒక వ్యక్తి ఏకంగా 70 years పాటు | ఒక చుక్క నీరు తాగలేదు,
23.92	31.54	ఒక మెతుకు అన్నం తినలేదు అని చెప్తే? | మీరే కాదు, modern science చదువుకున్న ఎవరైనా | ఇది pure fraud,
31.67	37.69	impossible claim అని కొట్టిపారేస్తారు కదా. | Hello everyone, welcome to Be Practical with Kishore!
37.91	41.50	సరిగ్గా Indian military scientists కూడా అలాగే అనుకున్నారు.
41.50	46.31	ఆయన చెప్పేది నిజమో కాదో తేల్చడానికి | భారత రక్షణ పరిశోధన సంస్థ
46.52	54.82	Defence Research and Development Organisation అంటే DRDO | స్వయంగా రంగంలోకి దిగింది. | 40 మంది top doctors.
55.08	61.34	2010 లో ఆయన్ని అహ్మదాబాద్ లోని ఒక private hospital లో | ఒక sealed glass room లో lock చేశారు.
61.55	69.47	24 hours continuous CCTV surveillance. | Room లో bathroom కి కూడా వెళ్లడానికి వీల్లేదు. | ఒక రోజు కాదు, two days కాదు,
69.66	74.68	ఏకంగా 15 days పాటు ఒక్క చుక్క నీరు కూడా ఇవ్వకుండా observe చేశారు.
74.93	83.63	15 days తర్వాత ఆ doctors కి, DRDO scientists కి | కనిపించిన medical reports చూసి | The entire medical world shock అయిపోయింది.
83.88	86.06	అసలు ఆ sealed room లో ఏం జరిగింది?
86.12	91.04	70 years తిండి, నీరు లేకుండా | ఒక human body ఎలా survive అయింది?
91.30	94.20	Let us decode the biggest biological mystery!
94.20	96.92	ఈ mystery వెనుక ఉన్న వ్యక్తి పేరు... ప్రహ్లాద్ జానీ [?]
97.21	105.57	భక్తులు ఆయన్ని చున్రీవాలా మాతాజీ అని పిలిచేవారు. | ఆయన claim ప్రకారం తనకి 7 years ఉన్నప్పుడు | spiritual transformation జరిగింది.
105.80	111.98	అప్పటి నుంచి 70 years పైగా ఆయన ఎలాంటి food తీసుకోలేదు, | drop of water కూడా తాగలేదు.
112.28	117.24	ఈ విషయం worldwide viral అవడంతో | DRDO కి చెందిన DIPAS అంటే
117.48	125.30	Defence Institute of Physiology and Allied Sciences | మరియు Sterling Hospital కి చెందిన | legendary neurologist Dr. సుధీర్ షా
125.48	130.38	ఒక extreme experiment plan చేశారు. | ఎందుకంటే scientists ఆలోచన ఏంటంటే,
130.82	139.18	ఒకవేళ ఇతను నిజంగానే నీరు లేకుండా బ్రతకగలిగితే, | border లో యుద్ధాలు చేసే మన soldiers కి, | natural disasters లో చిక్కుకున్న వాళ్లకి,
139.42	144.24	space missions కి వెళ్లే astronauts కి | ఈ biological secret ఎంతో ఉపయోగపడుతుంది.
144.30	146.70	2010 ఏప్రిల్ 22 న
146.78	148.18	experiment మొదలైంది.
148.42	150.84	Rules చాలా strict గా design చేశారు.
150.90	151.84	First rule:
151.84	155.42	ప్రహ్లాద్ జానీని ఉంచిన room లో zero water supply.
155.42	156.46	Second rule:
156.68	161.72	24 hours ఆయన room లో two CCTV cameras | continuous గా record చేస్తాయ్.
161.72	162.78	Third rule:
162.96	169.84	ఆయనతో పాటు room లోనే round the clock | ఒక doctor లేదా observer directly కూర్చుని monitor చేస్తారు.
169.84	170.92	Fourth rule:
171.16	177.80	స్నానం చేయడానికి కూడా water ఇవ్వలేదు. | ఒంటిని తుడుచుకోవడానికి strictly measured liquid sponge మాత్రమే ఇచ్చారు.
178.07	185.41	చివరకు నోరు కడుక్కోవడానికి ఇచ్చిన water ని కూడా | ఉమ్మేసిన తర్వాత millilitre to millilitre precise గా కొలిచారు.
185.41	192.90	అంటే ఒక్క single drop of water కూడా | ఆయన body లోపలికి వెళ్లే chance లేదు. | First three days గడిచాయ్.
193.12	199.62	Normal human physiology ప్రకారం ఆయన body లో severe dehydration మొదలవ్వాలి, | blood pressure drop అవ్వాలి.
199.87	207.95	Urine pass చేయకపోతే urea levels పెరిగి brain damage అవ్వాలి. | కానీ ప్రహ్లాద్ జానీ face లో అలసట లేదు, zero weakness.
208.16	212.44	పైగా ఆయన blood reports, pulse rate | perfectly normal గా ఉన్నాయ్.
212.71	220.35	ఇక 7 days, 10 days దాటిన తర్వాత | doctors కి కనిపించిన ఒక report | ఆధునిక science కి mind blank చేసింది.
220.65	223.43	Doctors కి ఎదురైన biggest shock ఏంటో తెలుసా?
223.43	226.09	The mystery of the urinary bladder.
226.45	231.75	15 days పాటు ఆయన ఒక్కసారి కూడా urine pass చేయలేదు, | stool pass చేయలేదు.
232.05	239.77	నార్మల్ గా ఒక మనిషి 3 days urine pass చేయకపోతే | bladder పగిలిపోయేంత pain వస్తుంది, | kidneys permanently shutdown అయిపోతాయ్.
239.80	247.81	కానీ doctors every few hours ఆయన పొట్టకి | sonography అంటే ultrasound scan చేసి monitor చేస్తూ వచ్చారు.
248.07	257.03	ఆ scans లో ఏం కనిపించిందో తెలుసా? | ఆయన urinary bladder లో కొద్దిగా urine liquid generate అవుతోంది. | కానీ few hours తర్వాత
257.05	265.63	ఆ liquid వాటంతట అదే disappear అయ్యేది. | Yes, మీరు విన్నది నిజమే! | Bladder గోడలే ఆ liquid ని తిరిగి absorb చేసుకుని
265.88	268.20	body cells కి recycle చేసి పంపుతున్నాయ్.
268.20	275.32	ఇలాంటి biological phenomenon ని ఆధునిక medical science చరిత్రలో | ఏ human body లోనూ ఎప్పుడూ record చేయలేదు.
275.50	277.58	15 days complete అయిపోయాయి.
277.58	279.44	He didn't eat a single grain.
279.60	281.32	He didn't drink a single drop.
281.79	290.45	ఆయన weight లో కేవలం slight change తప్ప, | kidney function, liver parameters, brain scans, | everything was completely stable.
290.74	297.88	DRDO scientists official press meet పెట్టి ఒకటే మాట చెప్పారు: | It is an absolute biological wonder.
298.20	301.92	ఆయన body ఒక extreme hypometabolic state లోకి వెళ్లిపోయింది.
302.18	307.80	Normal body లా కాకుండా ఆయన energy recycling mechanism | totally different గా పనిచేస్తోంది.
308.10	311.28	ఇప్పుడు science దీనికి ఇచ్చే scientific explanation ఏంటి?
311.34	315.82	మన body లో autophagy అనే natural cellular process ఉంటుంది.
316.06	322.58	Extreme fasting లో ఉన్నప్పుడు మన body లోని healthy cells | damage అయిన cells ని తిని energy గా మార్చుకుంటాయ్.
322.89	330.87	యోగులు లోతైన ధ్యానం ద్వారా తమ metabolic rate ని almost zero కి తగ్గించుకున్నప్పుడు, | body కి బయటనుంచి వచ్చే food,
330.89	335.43	water requirements దాదాపు eliminate అయిపోతాయి అని శాస్త్రవేత్తలు భావిస్తున్నారు.
335.43	337.93	Modern science ఎంత advanced అయినా
338.26	346.36	human body లో ఇంకా మనం solve చేయలేని secrets ఎన్నో ఉన్నాయి అని నిరూపించడానికి | ప్రహ్లాద్ జానీ case ఒక perfect proof.
346.68	352.26	70 years food and water లేకుండా ఉన్న | ఈ DRDO experiment పై మీ opinion ఏంటి?
352.58	358.72	ఇది science ని దాటిన yogic power అంటారా? | మీ thoughts ని కింద comments లో తప్పకుండా drop చేయండి.
358.97	364.29	ఈ video నచ్చితే like చేసి share చేయండి. | మరిన్ని thrilling science మరియు mysteries కోసం
364.55	368.25	మన channel Be Practical with Kishore ని వెంటనే subscribe చేసుకోండి!
